id,craftingXp,crafting,role,rarity,tokenId,ownerId,atlas_deposit_unlocking
0xfe8c1ac365ba6780aec5a985d989b327c27670a1-0x100d,50,2,Spellcaster,Common,4109,0x21a6f46fe65952d1506b4f5782bff8671e664800,60000.0
0xfe8c1ac365ba6780aec5a985d989b327c27670a1-0x1016,80,2,Spellcaster,Common,4118,0x9056ab0db92ba9fdedb1534cfc975e46a0579678,
0xfe8c1ac365ba6780aec5a985d989b327c27670a1-0x102,90,2,Ranged,Common,258,0x449d9bab5855d53864969defeeaf0148f7c104f2,211626.78978672595
0xfe8c1ac365ba6780aec5a985d989b327c27670a1-0x103,90,2,Ranged,Common,259,0x449d9bab5855d53864969defeeaf0148f7c104f2,211626.78978672595
0xfe8c1ac365ba6780aec5a985d989b327c27670a1-0x13f,50,2,Assassin,Common,319,0x9f8e5596538ef0e6e4f16fba13b02732c48547ed,
0xfe8c1ac365ba6780aec5a985d989b327c27670a1-0x14a,50,2,Assassin,Common,330,0x85591bfabb18be044fa98d72f7093469c588483c,1000.0
0xfe8c1ac365ba6780aec5a985d989b327c27670a1-0x160,40,2,Siege,Common,352,0xda6a11f8983bba1c9c8db95de8f3f149847de65d,
0xfe8c1ac365ba6780aec5a985d989b327c27670a1-0x16d,60,2,Assassin,Common,365,0x4fdef02eb19f06cf2406cabad62383515419607e,
0xfe8c1ac365ba6780aec5a985d989b327c27670a1-0x17b,20,2,Siege,Common,379,0x93ad6e31c0a9ae25d601c02bc649741b114bb327,
0xfe8c1ac365ba6780aec5a985d989b327c27670a1-0x1fa,60,2,Assassin,Common,506,0x8a14b7523cc6a17cc88043422cdc31cafc698735,10000.0
0xfe8c1ac365ba6780aec5a985d989b327c27670a1-0x23d,60,2,Spellcaster,Common,573,0xee7c6be1d0859ebf50ca73772cbbe85c774bbb88,
0xfe8c1ac365ba6780aec5a985d989b327c27670a1-0x258,60,2,Fighter,Common,600,0x28d97add070d26e55c5e4a5f863f1f5fee7621df,
0xfe8c1ac365ba6780aec5a985d989b327c27670a1-0x25ea,60,2,Assassin,Common,9706,0x11099ac9cc097d0c9759635b8e16c6a91ecc43da,
0xfe8c1ac365ba6780aec5a985d989b327c27670a1-0x25ec,10,2,Fighter,Common,9708,0xf9c1989eb95dbc89489410cdf3941541937016ff,
0xfe8c1ac365ba6780aec5a985d989b327c27670a1-0x2605,50,2,Assassin,Common,9733,0x4e4885c3d64ec6f3512e9693688340eee3157dbb,
0xfe8c1ac365ba6780aec5a985d989b327c27670a1-0x2608,10,2,Spellcaster,Common,9736,0xf9c1989eb95dbc89489410cdf3941541937016ff,
0xfe8c1ac365ba6780aec5a985d989b327c27670a1-0x260b,20,2,Assassin,Common,9739,0xbd3bcf36e0df2f0bc502b7c57f1f34b3218cb78b,
0xfe8c1ac365ba6780aec5a985d989b327c27670a1-0x2610,80,2,Spellcaster,Common,9744,0x5426f039c05b65dba6ce6e775f1bc24cd057e51a,
0xfe8c1ac365ba6780aec5a985d989b327c27670a1-0x261e,110,2,Spellcaster,Common,9758,0x5cc15a41774830d9e6d6c7ddee6c6c957932caa1,70000.0
0xfe8c1ac365ba6780aec5a985d989b327c27670a1-0x2620,10,2,Spellcaster,Common,9760,0xf9c1989eb95dbc89489410cdf3941541937016ff,
0xfe8c1ac365ba6780aec5a985d989b327c27670a1-0x2623,60,2,Siege,Rare,9763,0xaa0dee58a36b72c774317eb5f71afb2a04c85527,99999.99999999999
0xfe8c1ac365ba6780aec5a985d989b327c27670a1-0x2624,110,2,Siege,Common,9764,0xda3afa011e9dd20e6571ee70cb3d150b272ff9c0,
0xfe8c1ac365ba6780aec5a985d989b327c27670a1-0x2639,20,2,Ranged,Common,9785,0xe7436afad54fec84a67be7866ad21f4fb0d3efc6,
0xfe8c1ac365ba6780aec5a985d989b327c27670a1-0x263a,20,2,Assassin,Common,9786,0xe7436afad54fec84a67be7866ad21f4fb0d3efc6,
0xfe8c1ac365ba6780aec5a985d989b327c27670a1-0x263d,10,2,Ranged,Common,9789,0x25de6ee9bb67dca9654259843682be875ab85b5f,
0xfe8c1ac365ba6780aec5a985d989b327c27670a1-0x2648,80,2,Siege,Uncommon,9800,0xbeb8fd4683595145189b8a2b6168a711b4d44fc6,3000.0
0xfe8c1ac365ba6780aec5a985d989b327c27670a1-0x266e,80,2,Assassin,Common,9838,0xf219904c26044db624b01ce7bee8bf98e64ec619,170000.0
0xfe8c1ac365ba6780aec5a985d989b327c27670a1-0x266f,90,2,Siege,Common,9839,0xf219904c26044db624b01ce7bee8bf98e64ec619,170000.0
0xfe8c1ac365ba6780aec5a985d989b327c27670a1-0x2670,100,2,Ranged,Common,9840,0xf219904c26044db624b01ce7bee8bf98e64ec619,170000.0
0xfe8c1ac365ba6780aec5a985d989b327c27670a1-0x2688,10,2,Spellcaster,Common,9864,0x25de6ee9bb67dca9654259843682be875ab85b5f,
0xfe8c1ac365ba6780aec5a985d989b327c27670a1-0x2696,110,2,Spellcaster,Uncommon,9878,0x3a6bfe2b87b4b7d8ec76142d0ada23fce10b74b0,496110.97440623934
0xfe8c1ac365ba6780aec5a985d989b327c27670a1-0x2698,90,2,Spellcaster,Uncommon,9880,0x3a6bfe2b87b4b7d8ec76142d0ada23fce10b74b0,496110.97440623934
0xfe8c1ac365ba6780aec5a985d989b327c27670a1-0x269a,40,2,Siege,Common,9882,0x064e2e9c7df51861ac4492551baf1fd6e3286074,6616.912428306356
0xfe8c1ac365ba6780aec5a985d989b327c27670a1-0x26a8,10,2,Spellcaster,Common,9896,0x25de6ee9bb67dca9654259843682be875ab85b5f,
0xfe8c1ac365ba6780aec5a985d989b327c27670a1-0x26c2,100,2,Ranged,Uncommon,9922,0x8bced9d03f4c3bc59a0bcf91933191285af67268,585000.0
0xfe8c1ac365ba6780aec5a985d989b327c27670a1-0x26c4,110,2,Ranged,Rare,9924,0x8bced9d03f4c3bc59a0bcf91933191285af67268,585000.0
0xfe8c1ac365ba6780aec5a985d989b327c27670a1-0x26d7,110,2,Spellcaster,Common,9943,0x7114aa86e6ee374ad614c6b4dce8dbdb8555465d,99999.99999999999
0xfe8c1ac365ba6780aec5a985d989b327c27670a1-0x26d9,60,2,Ranged,Common,9945,0xc38da808d0865005312fe99387f5228881539e9f,
0xfe8c1ac365ba6780aec5a985d989b327c27670a1-0x26fd,20,2,Assassin,Common,9981,0xebcea89d0e3beb500449f7216bb0f456d1fd93cb,22499.0
0xfe8c1ac365ba6780aec5a985d989b327c27670a1-0x2706,120,2,Spellcaster,Common,9990,0x8ff55b93a1ed400e8bc44dc0026459209700a704,
0xfe8c1ac365ba6780aec5a985d989b327c27670a1-0x2718,90,2,Assassin,Common,10008,0x5c620c6daa7f78921a643640e88350917a2972f1,30000.0
0xfe8c1ac365ba6780aec5a985d989b327c27670a1-0x2719,80,2,Siege,Common,10009,0x5c620c6daa7f78921a643640e88350917a2972f1,30000.0
0xfe8c1ac365ba6780aec5a985d989b327c27670a1-0x2722,70,2,Ranged,Common,10018,0x95ad72b8f2138df54bb9c1456b47504e40e201ff,
0xfe8c1ac365ba6780aec5a985d989b327c27670a1-0x2723,70,2,Ranged,Common,10019,0x95ad72b8f2138df54bb9c1456b47504e40e201ff,
0xfe8c1ac365ba6780aec5a985d989b327c27670a1-0x2725,70,2,Ranged,Common,10021,0x6f8973809b94030dd4c930fd1182e5d5dcdcf9f0,99999.99999999999
0xfe8c1ac365ba6780aec5a985d989b327c27670a1-0x2727,10,2,Ranged,Common,10023,0xf490f58567fabfc2aee47ffa3a87be29590df3b3,7500.0
0xfe8c1ac365ba6780aec5a985d989b327c27670a1-0x272f,120,2,Siege,Common,10031,0x1e38f19ec613cfcb06d23fd71d01c9dc1feba45e,1500.0
0xfe8c1ac365ba6780aec5a985d989b327c27670a1-0x273e,100,2,Ranged,Common,10046,0x668e961736454a2444adb485340cb7f0844ddd3d,
0xfe8c1ac365ba6780aec5a985d989b327c27670a1-0x2743,100,2,Spellcaster,Common,10051,0xd77a8cde26afb5b711f0e25c23a48562d5259bf3,62709.032493826424
0xfe8c1ac365ba6780aec5a985d989b327c27670a1-0x274f,90,2,Spellcaster,Rare,10063,0x52cd47933c3428e5ae8f442a47f904c390942dce,84868.7
0xfe8c1ac365ba6780aec5a985d989b327c27670a1-0x275e,120,2,Fighter,Common,10078,0x8ff55b93a1ed400e8bc44dc0026459209700a704,
0xfe8c1ac365ba6780aec5a985d989b327c27670a1-0x275f,120,2,Ranged,Common,10079,0x8ff55b93a1ed400e8bc44dc0026459209700a704,
0xfe8c1ac365ba6780aec5a985d989b327c27670a1-0x277a,30,2,Spellcaster,Common,10106,0xdbd296c51b1d32f5d8cc58cd6f8a5f70e6d92d33,
0xfe8c1ac365ba6780aec5a985d989b327c27670a1-0x277d,60,2,Siege,Rare,10109,0xf6818a153a9950c1da39bb1eadfb7437f7329ad4,
0xfe8c1ac365ba6780aec5a985d989b327c27670a1-0x2788,60,2,Siege,Common,10120,0x95ad72b8f2138df54bb9c1456b47504e40e201ff,
0xfe8c1ac365ba6780aec5a985d989b327c27670a1-0x279d,100,2,Ranged,Common,10141,0x72959497201a7e931d8460dfa28935ca8db2a91d,
0xfe8c1ac365ba6780aec5a985d989b327c27670a1-0x279e,80,2,Fighter,Common,10142,0x72959497201a7e931d8460dfa28935ca8db2a91d,
0xfe8c1ac365ba6780aec5a985d989b327c27670a1-0x27a1,60,2,Fighter,Common,10145,0x658cd0c3d10179763f5cdafaab558bd7b6f40a7f,
0xfe8c1ac365ba6780aec5a985d989b327c27670a1-0x27a4,60,2,Fighter,Common,10148,0xf6818a153a9950c1da39bb1eadfb7437f7329ad4,
0xfe8c1ac365ba6780aec5a985d989b327c27670a1-0x27ac,50,2,Fighter,Common,10156,0xdf0460cbd0d1219785b07f1e19be8a07d7a0db8c,
0xfe8c1ac365ba6780aec5a985d989b327c27670a1-0x27ad,50,2,Assassin,Common,10157,0xdf0460cbd0d1219785b07f1e19be8a07d7a0db8c,
0xfe8c1ac365ba6780aec5a985d989b327c27670a1-0x27b1,20,2,Assassin,Common,10161,0x6c70e5fc4e4926cd836a6f8b0645aa1a077fa605,
0xfe8c1ac365ba6780aec5a985d989b327c27670a1-0x27b2,80,2,Assassin,Common,10162,0x1ce33afd0e70ad410a74e855dd9871f2b31f3eee,
0xfe8c1ac365ba6780aec5a985d989b327c27670a1-0x27bb,40,2,Ranged,Uncommon,10171,0x832f7b8fa10ef43c5398e270476d469949aad377,
0xfe8c1ac365ba6780aec5a985d989b327c27670a1-0x27c4,60,2,Fighter,Common,10180,0x95ad72b8f2138df54bb9c1456b47504e40e201ff,
0xfe8c1ac365ba6780aec5a985d989b327c27670a1-0x27d2,40,2,Spellcaster,Common,10194,0x60e2a272b6233d4fe08908bfa6ea44518501732a,
0xfe8c1ac365ba6780aec5a985d989b327c27670a1-0x27d4,40,2,Assassin,Common,10196,0x60e2a272b6233d4fe08908bfa6ea44518501732a,
0xfe8c1ac365ba6780aec5a985d989b327c27670a1-0x27e1,70,2,Siege,Rare,10209,0xd25eb9811fd774f7480ea21e3e3a6f692e39db94,
0xfe8c1ac365ba6780aec5a985d989b327c27670a1-0x27ec,90,2,Assassin,Uncommon,10220,0xe3cadc86b296e57c55dcb7c9e90936e7517237b3,
0xfe8c1ac365ba6780aec5a985d989b327c27670a1-0x2801,10,2,Fighter,Common,10241,0xf9c1989eb95dbc89489410cdf3941541937016ff,
0xfe8c1ac365ba6780aec5a985d989b327c27670a1-0x2802,10,2,Siege,Common,10242,0xf9c1989eb95dbc89489410cdf3941541937016ff,
0xfe8c1ac365ba6780aec5a985d989b327c27670a1-0x2804,10,2,Ranged,Common,10244,0xf9c1989eb95dbc89489410cdf3941541937016ff,
0xfe8c1ac365ba6780aec5a985d989b327c27670a1-0x2805,10,2,Ranged,Common,10245,0xf9c1989eb95dbc89489410cdf3941541937016ff,
0xfe8c1ac365ba6780aec5a985d989b327c27670a1-0x2806,10,2,Assassin,Common,10246,0xf9c1989eb95dbc89489410cdf3941541937016ff,
0xfe8c1ac365ba6780aec5a985d989b327c27670a1-0x2807,10,2,Assassin,Common,10247,0xf9c1989eb95dbc89489410cdf3941541937016ff,
0xfe8c1ac365ba6780aec5a985d989b327c27670a1-0x2808,10,2,Fighter,Common,10248,0xf9c1989eb95dbc89489410cdf3941541937016ff,
0xfe8c1ac365ba6780aec5a985d989b327c27670a1-0x2809,10,2,Siege,Common,10249,0xf9c1989eb95dbc89489410cdf3941541937016ff,
0xfe8c1ac365ba6780aec5a985d989b327c27670a1-0x280a,10,2,Ranged,Common,10250,0xf9c1989eb95dbc89489410cdf3941541937016ff,
0xfe8c1ac365ba6780aec5a985d989b327c27670a1-0x280b,10,2,Siege,Common,10251,0xf9c1989eb95dbc89489410cdf3941541937016ff,
0xfe8c1ac365ba6780aec5a985d989b327c27670a1-0x280c,10,2,Spellcaster,Common,10252,0xf9c1989eb95dbc89489410cdf3941541937016ff,
0xfe8c1ac365ba6780aec5a985d989b327c27670a1-0x280d,10,2,Assassin,Common,10253,0xf9c1989eb95dbc89489410cdf3941541937016ff,
0xfe8c1ac365ba6780aec5a985d989b327c27670a1-0x280e,10,2,Fighter,Common,10254,0xf9c1989eb95dbc89489410cdf3941541937016ff,
0xfe8c1ac365ba6780aec5a985d989b327c27670a1-0x280f,10,2,Siege,Common,10255,0xf9c1989eb95dbc89489410cdf3941541937016ff,
0xfe8c1ac365ba6780aec5a985d989b327c27670a1-0x2810,10,2,Assassin,Common,10256,0xf9c1989eb95dbc89489410cdf3941541937016ff,
0xfe8c1ac365ba6780aec5a985d989b327c27670a1-0x2813,10,2,Siege,Common,10259,0xf9c1989eb95dbc89489410cdf3941541937016ff,
0xfe8c1ac365ba6780aec5a985d989b327c27670a1-0x2814,10,2,Fighter,Common,10260,0xf9c1989eb95dbc89489410cdf3941541937016ff,
0xfe8c1ac365ba6780aec5a985d989b327c27670a1-0x2815,10,2,Fighter,Common,10261,0xf9c1989eb95dbc89489410cdf3941541937016ff,
0xfe8c1ac365ba6780aec5a985d989b327c27670a1-0x2816,10,2,Spellcaster,Common,10262,0xf9c1989eb95dbc89489410cdf3941541937016ff,
0xfe8c1ac365ba6780aec5a985d989b327c27670a1-0x2817,10,2,Assassin,Common,10263,0xf9c1989eb95dbc89489410cdf3941541937016ff,
0xfe8c1ac365ba6780aec5a985d989b327c27670a1-0x2818,10,2,Fighter,Common,10264,0xf9c1989eb95dbc89489410cdf3941541937016ff,
0xfe8c1ac365ba6780aec5a985d989b327c27670a1-0x2819,10,2,Ranged,Common,10265,0xf9c1989eb95dbc89489410cdf3941541937016ff,
0xfe8c1ac365ba6780aec5a985d989b327c27670a1-0x281,90,2,Ranged,Common,641,0x5cc15a41774830d9e6d6c7ddee6c6c957932caa1,70000.0
0xfe8c1ac365ba6780aec5a985d989b327c27670a1-0x2829,110,2,Ranged,Uncommon,10281,0xcce853ecb829d914d119724761e3deb6ad982047,
0xfe8c1ac365ba6780aec5a985d989b327c27670a1-0x282e,30,2,Fighter,Common,10286,0x791bf46d6aa1132f809665302b3c1069986ee0fe,
0xfe8c1ac365ba6780aec5a985d989b327c27670a1-0x282f,10,2,Ranged,Common,10287,0x791bf46d6aa1132f809665302b3c1069986ee0fe,
0xfe8c1ac365ba6780aec5a985d989b327c27670a1-0x2836,80,2,Spellcaster,Common,10294,0x038a2c957a470373ea4ecf91493bcbf2b4a2ec93,
0xfe8c1ac365ba6780aec5a985d989b327c27670a1-0x2837,80,2,Assassin,Common,10295,0x038a2c957a470373ea4ecf91493bcbf2b4a2ec93,
0xfe8c1ac365ba6780aec5a985d989b327c27670a1-0x2838,90,2,Assassin,Common,10296,0x038a2c957a470373ea4ecf91493bcbf2b4a2ec93,
0xfe8c1ac365ba6780aec5a985d989b327c27670a1-0x283a,90,2,Fighter,Common,10298,0x038a2c957a470373ea4ecf91493bcbf2b4a2ec93,
0xfe8c1ac365ba6780aec5a985d989b327c27670a1-0x2840,20,2,Spellcaster,Common,10304,0xddf5523da3921b63f5cd6e21998e8d07d329d6d7,4000.0
0xfe8c1ac365ba6780aec5a985d989b327c27670a1-0x2842,10,2,Ranged,Common,10306,0x69cef33a702b73fbc4d4a28fd73b4131c15d32f7,3001.093966955362
0xfe8c1ac365ba6780aec5a985d989b327c27670a1-0x2897,30,2,Spellcaster,Common,10391,0xf6573a3576cabdd2f6b8886864fcfb748fbd5b93,10898.730276079144
0xfe8c1ac365ba6780aec5a985d989b327c27670a1-0x289a,100,2,Ranged,Uncommon,10394,0xe11d6fe5918820a53c7ab7c4c37183ab29a4b103,108000.0
0xfe8c1ac365ba6780aec5a985d989b327c27670a1-0x28b8,80,2,Ranged,Common,10424,0x40a0b8744d79ed24738f4a08f02a9dff467c5c96,
0xfe8c1ac365ba6780aec5a985d989b327c27670a1-0x28b9,80,2,Spellcaster,Rare,10425,0xaa0dee58a36b72c774317eb5f71afb2a04c85527,99999.99999999999
0xfe8c1ac365ba6780aec5a985d989b327c27670a1-0x28de,110,2,Spellcaster,Common,10462,0x408b0903a56e6b7b19078f06a8f6caf88a8cc72b,
0xfe8c1ac365ba6780aec5a985d989b327c27670a1-0x28df,110,2,Ranged,Common,10463,0x408b0903a56e6b7b19078f06a8f6caf88a8cc72b,
0xfe8c1ac365ba6780aec5a985d989b327c27670a1-0x28e0,40,2,Assassin,Common,10464,0x408b0903a56e6b7b19078f06a8f6caf88a8cc72b,
0xfe8c1ac365ba6780aec5a985d989b327c27670a1-0x28e1,50,2,Ranged,Common,10465,0x408b0903a56e6b7b19078f06a8f6caf88a8cc72b,
0xfe8c1ac365ba6780aec5a985d989b327c27670a1-0x28e4,20,2,Ranged,Common,10468,0x408b0903a56e6b7b19078f06a8f6caf88a8cc72b,
0xfe8c1ac365ba6780aec5a985d989b327c27670a1-0x28e8,10,2,Ranged,Common,10472,0x4fbede53b59d1a2ab85f785ad76e1dcd66a1546a,504184.7117338462
0xfe8c1ac365ba6780aec5a985d989b327c27670a1-0x28e9,20,2,Siege,Common,10473,0x4fbede53b59d1a2ab85f785ad76e1dcd66a1546a,504184.7117338462
0xfe8c1ac365ba6780aec5a985d989b327c27670a1-0x28ea,20,2,Ranged,Common,10474,0x4fbede53b59d1a2ab85f785ad76e1dcd66a1546a,504184.7117338462
0xfe8c1ac365ba6780aec5a985d989b327c27670a1-0x28f2,60,2,Siege,Common,10482,0x1297ad486549a430d59d9d5f99ed7c216b6e77dd,230000.0
0xfe8c1ac365ba6780aec5a985d989b327c27670a1-0x2906,90,2,Fighter,Common,10502,0x5ad714d3d477d80cce0a2bd63a178119a72715e0,
0xfe8c1ac365ba6780aec5a985d989b327c27670a1-0x2911,60,2,Ranged,Uncommon,10513,0xd7ce367fa0e74f11ae934939712ff2e3d634b5e7,660523.0
0xfe8c1ac365ba6780aec5a985d989b327c27670a1-0x291e,110,2,Siege,Common,10526,0x109b2d89b2b503a553bbc9c8755abf736de5f0de,90001.0
0xfe8c1ac365ba6780aec5a985d989b327c27670a1-0x2924,90,2,Ranged,Common,10532,0x154c08be7f1a96f0a71c467745065691baa36d45,
0xfe8c1ac365ba6780aec5a985d989b327c27670a1-0x2925,90,2,Spellcaster,Common,10533,0xf5c2fdde417e51c63a0ec0875f9bce27b439d8dc,
0xfe8c1ac365ba6780aec5a985d989b327c27670a1-0x292b,30,2,Siege,Common,10539,0x95f4bbbac25ca93692a61afee957ba1971dcc566,
0xfe8c1ac365ba6780aec5a985d989b327c27670a1-0x292c,30,2,Ranged,Common,10540,0x95f4bbbac25ca93692a61afee957ba1971dcc566,
0xfe8c1ac365ba6780aec5a985d989b327c27670a1-0x2938,100,2,Fighter,Common,10552,0x759c5f293edc487aa02186f0099864ebc53191c1,0.1
0xfe8c1ac365ba6780aec5a985d989b327c27670a1-0x296b,90,2,Assassin,Uncommon,10603,0x8404efa98a4e129855c200fc4e90c257078d9ed3,
0xfe8c1ac365ba6780aec5a985d989b327c27670a1-0x2971,40,2,Spellcaster,Common,10609,0x95f4bbbac25ca93692a61afee957ba1971dcc566,
0xfe8c1ac365ba6780aec5a985d989b327c27670a1-0x297,60,2,Ranged,Common,663,0x11099ac9cc097d0c9759635b8e16c6a91ecc43da,
0xfe8c1ac365ba6780aec5a985d989b327c27670a1-0x2997,30,2,Fighter,Common,10647,0x95f4bbbac25ca93692a61afee957ba1971dcc566,
0xfe8c1ac365ba6780aec5a985d989b327c27670a1-0x29a9,70,2,Assassin,Uncommon,10665,0x309bcc55fe9cca749cff42eb94a846823d27bce6,
0xfe8c1ac365ba6780aec5a985d989b327c27670a1-0x29aa,50,2,Spellcaster,Rare,10666,0x309bcc55fe9cca749cff42eb94a846823d27bce6,
0xfe8c1ac365ba6780aec5a985d989b327c27670a1-0x29b2,90,2,Assassin,Uncommon,10674,0x90b7f8eb3e7690ad5b093ef92ad4055f2b61e693,
0xfe8c1ac365ba6780aec5a985d989b327c27670a1-0x29c4,110,2,Assassin,Common,10692,0xc049085709fc6581152c1e1edeea53fae58fede1,
0xfe8c1ac365ba6780aec5a985d989b327c27670a1-0x29c5,80,2,Ranged,Common,10693,0x63095ce68ae2f6dc0a3e068d97f2d392c51ebd06,
0xfe8c1ac365ba6780aec5a985d989b327c27670a1-0x29d8,80,2,Ranged,Common,10712,0x2b5321c1afddfb6680aafff4df96a209e18dea1c,92500.0
0xfe8c1ac365ba6780aec5a985d989b327c27670a1-0x29d9,70,2,Siege,Common,10713,0x2b5321c1afddfb6680aafff4df96a209e18dea1c,92500.0
0xfe8c1ac365ba6780aec5a985d989b327c27670a1-0x29da,70,2,Spellcaster,Common,10714,0x2b5321c1afddfb6680aafff4df96a209e18dea1c,92500.0
0xfe8c1ac365ba6780aec5a985d989b327c27670a1-0x29e2,40,2,Fighter,Common,10722,0x6c70e5fc4e4926cd836a6f8b0645aa1a077fa605,
0xfe8c1ac365ba6780aec5a985d989b327c27670a1-0x29f0,70,2,Assassin,Common,10736,0x30a39fcd4d538b3434ea0d2877292cc0f45a79cf,131000.0
0xfe8c1ac365ba6780aec5a985d989b327c27670a1-0x29f6,80,2,Siege,Rare,10742,0x734740c70db02f5710207f1d12df47c710665206,
0xfe8c1ac365ba6780aec5a985d989b327c27670a1-0x29fe,110,2,Siege,Common,10750,0xac75cdc34283406b050cadf4ea5902a9310b138e,139000.0
0xfe8c1ac365ba6780aec5a985d989b327c27670a1-0x29ff,100,2,Ranged,Common,10751,0xac75cdc34283406b050cadf4ea5902a9310b138e,139000.0
0xfe8c1ac365ba6780aec5a985d989b327c27670a1-0x2a00,80,2,Spellcaster,Common,10752,0xac75cdc34283406b050cadf4ea5902a9310b138e,139000.0
0xfe8c1ac365ba6780aec5a985d989b327c27670a1-0x2a0b,90,2,Spellcaster,Common,10763,0xda3afa011e9dd20e6571ee70cb3d150b272ff9c0,
0xfe8c1ac365ba6780aec5a985d989b327c27670a1-0x2a11,10,2,Ranged,Common,10769,0xbab64597e8d0eb511a356b56b8dc46c7b01097c5,377.22370615780216
0xfe8c1ac365ba6780aec5a985d989b327c27670a1-0x2a16,80,2,Fighter,Common,10774,0xbaa32149f2e8e4813c604deacee48e381cecb937,
0xfe8c1ac365ba6780aec5a985d989b327c27670a1-0x2a18,20,2,Fighter,Rare,10776,0xa4c4141637eac06d6ad22d9e354058eabdca684a,4000.0
0xfe8c1ac365ba6780aec5a985d989b327c27670a1-0x2a2f,70,2,Ranged,Common,10799,0x154c08be7f1a96f0a71c467745065691baa36d45,
0xfe8c1ac365ba6780aec5a985d989b327c27670a1-0x2a30,70,2,Siege,Common,10800,0x154c08be7f1a96f0a71c467745065691baa36d45,
0xfe8c1ac365ba6780aec5a985d989b327c27670a1-0x2a62,100,2,Ranged,Common,10850,0xf2fb34c4323f9bf4a5c04fe277f96588dde5316f,3000.0
0xfe8c1ac365ba6780aec5a985d989b327c27670a1-0x2a74,100,2,Ranged,Common,10868,0x91db3d20b0873d939a1b02fa76532b2134f1e6fe,26000.0
0xfe8c1ac365ba6780aec5a985d989b327c27670a1-0x2a8d,60,2,Siege,Common,10893,0x6f8973809b94030dd4c930fd1182e5d5dcdcf9f0,99999.99999999999
0xfe8c1ac365ba6780aec5a985d989b327c27670a1-0x2a98,70,2,Siege,Uncommon,10904,0xb7176c03739ec10c4ec8e21a64ad64b228b8a5f2,500.0
0xfe8c1ac365ba6780aec5a985d989b327c27670a1-0x2a9c,120,2,Fighter,Common,10908,0xb3c0bc50b421ba2106b8d358d9cbe13efc096418,
0xfe8c1ac365ba6780aec5a985d989b327c27670a1-0x2aab,50,2,Spellcaster,Common,10923,0x9056ab0db92ba9fdedb1534cfc975e46a0579678,
0xfe8c1ac365ba6780aec5a985d989b327c27670a1-0x2ade,10,2,Assassin,Common,10974,0xd1a7b9a0f96a813e829235590bb5de65a092254d,8000.0
0xfe8c1ac365ba6780aec5a985d989b327c27670a1-0x2ae0,30,2,Fighter,Common,10976,0x6c70e5fc4e4926cd836a6f8b0645aa1a077fa605,
0xfe8c1ac365ba6780aec5a985d989b327c27670a1-0x2aee,10,2,Assassin,Common,10990,0x25de6ee9bb67dca9654259843682be875ab85b5f,
0xfe8c1ac365ba6780aec5a985d989b327c27670a1-0x2afe,20,2,Siege,Common,11006,0x6c70e5fc4e4926cd836a6f8b0645aa1a077fa605,
0xfe8c1ac365ba6780aec5a985d989b327c27670a1-0x2b04,10,2,Ranged,Rare,11012,0x4e81276e61db7fddd1001ebd6ecbfa28e06a2136,882.7059472241167
0xfe8c1ac365ba6780aec5a985d989b327c27670a1-0x2b19,70,2,Siege,Uncommon,11033,0x3727220a0062dc00c08cc53186ca2d1cd3babe2f,
0xfe8c1ac365ba6780aec5a985d989b327c27670a1-0x2b1,50,2,Assassin,Common,689,0x1d40e7a48751f3379284c24b2d2eca3e40e00d4f,
0xfe8c1ac365ba6780aec5a985d989b327c27670a1-0x2b51,90,2,Fighter,Common,11089,0x5b1c563899a4d2038066b6139132abaedf66ac7f,
0xfe8c1ac365ba6780aec5a985d989b327c27670a1-0x2b5d,70,2,Ranged,Common,11101,0xc9b378a35c6c2e9971f74b0a75662aa664b3f391,34518.57211231896
0xfe8c1ac365ba6780aec5a985d989b327c27670a1-0x2b5f,80,2,Ranged,Common,11103,0xc9b378a35c6c2e9971f74b0a75662aa664b3f391,34518.57211231896
0xfe8c1ac365ba6780aec5a985d989b327c27670a1-0x2b60,90,2,Fighter,Common,11104,0xc9b378a35c6c2e9971f74b0a75662aa664b3f391,34518.57211231896
0xfe8c1ac365ba6780aec5a985d989b327c27670a1-0x2b67,10,2,Ranged,Common,11111,0x647d2ae18ba2a341dbfa06b491bf8a91b7ffbab2,
0xfe8c1ac365ba6780aec5a985d989b327c27670a1-0x2b7f,30,2,Spellcaster,Common,11135,0x43d37c0f1e0e6124c1d4485dcaffb02b5b3fd195,
0xfe8c1ac365ba6780aec5a985d989b327c27670a1-0x2b80,20,2,Ranged,Common,11136,0x6c70e5fc4e4926cd836a6f8b0645aa1a077fa605,
0xfe8c1ac365ba6780aec5a985d989b327c27670a1-0x2b96,80,2,Ranged,Common,11158,0x5d082946dadda4ac0259c4eed8dac62de97078fa,
0xfe8c1ac365ba6780aec5a985d989b327c27670a1-0x2b98,90,2,Siege,Common,11160,0x5d082946dadda4ac0259c4eed8dac62de97078fa,
0xfe8c1ac365ba6780aec5a985d989b327c27670a1-0x2b9,60,2,Siege,Common,697,0x1d40e7a48751f3379284c24b2d2eca3e40e00d4f,
0xfe8c1ac365ba6780aec5a985d989b327c27670a1-0x2bd1,50,2,Siege,Rare,11217,0x473bbc06d7fdb7713d1ed334f8d8096cad6ec3f3,
0xfe8c1ac365ba6780aec5a985d989b327c27670a1-0x2bdb,100,2,Siege,Common,11227,0x75e55dd9914870a415532c2bb5b969d5a3437841,25089.57353070407
0xfe8c1ac365ba6780aec5a985d989b327c27670a1-0x2bee,40,2,Spellcaster,Common,11246,0x0f0939a3b40f5186c8e8aa998e815e9976c7a540,
0xfe8c1ac365ba6780aec5a985d989b327c27670a1-0x2be,40,2,Ranged,Common,702,0x1d40e7a48751f3379284c24b2d2eca3e40e00d4f,
0xfe8c1ac365ba6780aec5a985d989b327c27670a1-0x2c23,90,2,Spellcaster,Common,11299,0xd30eb4f27acac4d903a92a12a29f3fe758a6849c,
0xfe8c1ac365ba6780aec5a985d989b327c27670a1-0x2c26,100,2,Ranged,Uncommon,11302,0xd30eb4f27acac4d903a92a12a29f3fe758a6849c,
0xfe8c1ac365ba6780aec5a985d989b327c27670a1-0x2c28,40,2,Fighter,Common,11304,0xf9c1989eb95dbc89489410cdf3941541937016ff,
0xfe8c1ac365ba6780aec5a985d989b327c27670a1-0x2c29,40,2,Ranged,Common,11305,0xf9c1989eb95dbc89489410cdf3941541937016ff,
0xfe8c1ac365ba6780aec5a985d989b327c27670a1-0x2c2a,20,2,Assassin,Common,11306,0x82cb2e8852de03a89298473f0d662fba8db0971f,
0xfe8c1ac365ba6780aec5a985d989b327c27670a1-0x2c2b,40,2,Siege,Common,11307,0xf9c1989eb95dbc89489410cdf3941541937016ff,
0xfe8c1ac365ba6780aec5a985d989b327c27670a1-0x2c2,90,2,Fighter,Common,706,0xc7b169b108c5e75991c520aea97140534291c81d,
0xfe8c1ac365ba6780aec5a985d989b327c27670a1-0x2c4c,20,2,Spellcaster,Common,11340,0xfe0e5b8179419d241ce20cc094150ac4e912ea59,
0xfe8c1ac365ba6780aec5a985d989b327c27670a1-0x2c66,120,2,Fighter,Common,11366,0x0dc7fc49f79b310b3ea8919ea15429d35c565d11,
0xfe8c1ac365ba6780aec5a985d989b327c27670a1-0x2c67,90,2,Assassin,Common,11367,0x5426f039c05b65dba6ce6e775f1bc24cd057e51a,
0xfe8c1ac365ba6780aec5a985d989b327c27670a1-0x2c8f,90,2,Assassin,Uncommon,11407,0x8792f37ed02088f58f3eef6a56acd9ccd444ea79,
0xfe8c1ac365ba6780aec5a985d989b327c27670a1-0x2c94,100,2,Fighter,Common,11412,0x962edd731279dbbb2c7092ad28655f845fd02b18,
0xfe8c1ac365ba6780aec5a985d989b327c27670a1-0x2c9b,30,2,Spellcaster,Common,11419,0x371c4cf0efeda222fd6461cd5e4f9d62ac61d78e,80000.0
0xfe8c1ac365ba6780aec5a985d989b327c27670a1-0x2cca,100,2,Spellcaster,Rare,11466,0x0457bdd7d70c82f4cb1c850bd49064a544630978,
0xfe8c1ac365ba6780aec5a985d989b327c27670a1-0x2cda,70,2,Assassin,Common,11482,0xaf749ca22395604e4d064c35e2caa27ba96b1b55,8000.0
0xfe8c1ac365ba6780aec5a985d989b327c27670a1-0x2cd,100,2,Spellcaster,Common,717,0x745b8e12698b852f067a5edc661adcab0a049428,
0xfe8c1ac365ba6780aec5a985d989b327c27670a1-0x2d23,80,2,Spellcaster,Common,11555,0x5453128d30bb094f8f067116db29b64dc3e67a43,1000.0
0xfe8c1ac365ba6780aec5a985d989b327c27670a1-0x2d55,20,2,Siege,Uncommon,11605,0x51fab80a5296672dac1bb18e378d8dd81ed80d9a,
0xfe8c1ac365ba6780aec5a985d989b327c27670a1-0x2d56,20,2,Ranged,Uncommon,11606,0x3b66c992860abd1ec94b917e222dca78ad55032f,54752.748211728234
0xfe8c1ac365ba6780aec5a985d989b327c27670a1-0x2d57,20,2,Ranged,Common,11607,0x3b66c992860abd1ec94b917e222dca78ad55032f,54752.748211728234
0xfe8c1ac365ba6780aec5a985d989b327c27670a1-0x2d68,60,2,Spellcaster,Common,11624,0x1d18a0fdff04c4c462b42bccac22c1df1f5595fb,
0xfe8c1ac365ba6780aec5a985d989b327c27670a1-0x2d88,80,2,Assassin,Common,11656,0xe5bc0291f77a4fc56f96cf3fd6494ffb1cbf2014,149999.99999999997
0xfe8c1ac365ba6780aec5a985d989b327c27670a1-0x2d90,10,2,Spellcaster,Common,11664,0x0e11ef520983bd69e57fb6d619e571a1737cab97,
0xfe8c1ac365ba6780aec5a985d989b327c27670a1-0x2d9c,80,2,Siege,Common,11676,0x3208954669aa12e1bfeced8ac7d2e6673cc4eef1,
0xfe8c1ac365ba6780aec5a985d989b327c27670a1-0x2da0,90,2,Siege,Common,11680,0xbaa32149f2e8e4813c604deacee48e381cecb937,
0xfe8c1ac365ba6780aec5a985d989b327c27670a1-0x2de4,70,2,Siege,Common,11748,0x154c08be7f1a96f0a71c467745065691baa36d45,
0xfe8c1ac365ba6780aec5a985d989b327c27670a1-0x2dfa,60,2,Siege,Uncommon,11770,0xdd72527cd9265013952ad33825b35ab66e93bf3b,
0xfe8c1ac365ba6780aec5a985d989b327c27670a1-0x2e33,70,2,Siege,Common,11827,0xe5bc0291f77a4fc56f96cf3fd6494ffb1cbf2014,149999.99999999997
0xfe8c1ac365ba6780aec5a985d989b327c27670a1-0x2e34,50,2,Ranged,Uncommon,11828,0x5e6ff93a0ac631f2196567b720993c04cf7abdc7,1000.0
0xfe8c1ac365ba6780aec5a985d989b327c27670a1-0x2ea0,40,2,Spellcaster,Common,11936,0xc1bd21ecd832ef3c3b1a393a0d66dd2b92c0a944,15000.0
0xfe8c1ac365ba6780aec5a985d989b327c27670a1-0x2ece,20,2,Assassin,Common,11982,0x34a32ad4ba1ea1eb02ccd3ed5b9af9a8d8ea07a8,
0xfe8c1ac365ba6780aec5a985d989b327c27670a1-0x2edc,50,2,Spellcaster,Common,11996,0xf11648b0ac91e0e9f7d1fc17e2c1de911f7df93d,
0xfe8c1ac365ba6780aec5a985d989b327c27670a1-0x2ede,30,2,Spellcaster,Common,11998,0x58d58008a506d6e29c9e57fc465dfd6c2342cf5f,60000.0
0xfe8c1ac365ba6780aec5a985d989b327c27670a1-0x2ee3,80,2,Siege,Common,12003,0x5c620c6daa7f78921a643640e88350917a2972f1,30000.0
0xfe8c1ac365ba6780aec5a985d989b327c27670a1-0x2f12,40,2,Fighter,Common,12050,0x8da412e9680269f37eaa34d15154c009b4415a81,278759.4055
0xfe8c1ac365ba6780aec5a985d989b327c27670a1-0x2f74,40,2,Ranged,Common,12148,0xc24729ef71610d21387239efa6e2ab02c2825374,85000.0
0xfe8c1ac365ba6780aec5a985d989b327c27670a1-0x2f75,40,2,Spellcaster,Common,12149,0xc24729ef71610d21387239efa6e2ab02c2825374,85000.0
0xfe8c1ac365ba6780aec5a985d989b327c27670a1-0x2fbb,70,2,Assassin,Common,12219,0x2b5321c1afddfb6680aafff4df96a209e18dea1c,92500.0
0xfe8c1ac365ba6780aec5a985d989b327c27670a1-0x2fc2,20,2,Siege,Common,12226,0x6c70e5fc4e4926cd836a6f8b0645aa1a077fa605,
0xfe8c1ac365ba6780aec5a985d989b327c27670a1-0x2fca,20,2,Spellcaster,Common,12234,0x25de6ee9bb67dca9654259843682be875ab85b5f,
0xfe8c1ac365ba6780aec5a985d989b327c27670a1-0x2fcb,20,2,Fighter,Common,12235,0x25de6ee9bb67dca9654259843682be875ab85b5f,
0xfe8c1ac365ba6780aec5a985d989b327c27670a1-0x2fcc,20,2,Ranged,Common,12236,0x25de6ee9bb67dca9654259843682be875ab85b5f,
0xfe8c1ac365ba6780aec5a985d989b327c27670a1-0x2fcd,20,2,Spellcaster,Common,12237,0x25de6ee9bb67dca9654259843682be875ab85b5f,
0xfe8c1ac365ba6780aec5a985d989b327c27670a1-0x307e,110,2,Fighter,Common,12414,0xf6174f219d468b420af8787a979b7b81bc69d136,10000.0
0xfe8c1ac365ba6780aec5a985d989b327c27670a1-0x30ae,100,2,Siege,Common,12462,0xf3c9ad2f3bd897d12b0fab2d53b1dd62cb8f9d6e,120000.0
0xfe8c1ac365ba6780aec5a985d989b327c27670a1-0x30c0,20,2,Ranged,Common,12480,0x5438f01ebba17c7ee279af990d0a8a02267833e4,5000.0
0xfe8c1ac365ba6780aec5a985d989b327c27670a1-0x30d0,50,2,Spellcaster,Common,12496,0xde33e58f056ff0f23be3ef83ab6e1e0bec95506f,15.53557835007082
0xfe8c1ac365ba6780aec5a985d989b327c27670a1-0x3195,100,2,Fighter,Common,12693,0x5cc15a41774830d9e6d6c7ddee6c6c957932caa1,70000.0
0xfe8c1ac365ba6780aec5a985d989b327c27670a1-0x3196,60,2,Fighter,Common,12694,0x1fb7d3c3af2b994731798f00d19c9df7540d3c3b,
0xfe8c1ac365ba6780aec5a985d989b327c27670a1-0x31bc,70,2,Siege,Common,12732,0x309bcc55fe9cca749cff42eb94a846823d27bce6,
0xfe8c1ac365ba6780aec5a985d989b327c27670a1-0x31be,70,2,Spellcaster,Common,12734,0x309bcc55fe9cca749cff42eb94a846823d27bce6,
0xfe8c1ac365ba6780aec5a985d989b327c27670a1-0x31bf,70,2,Spellcaster,Common,12735,0x309bcc55fe9cca749cff42eb94a846823d27bce6,
0xfe8c1ac365ba6780aec5a985d989b327c27670a1-0x3210,90,2,Siege,Common,12816,0x2b5321c1afddfb6680aafff4df96a209e18dea1c,92500.0
0xfe8c1ac365ba6780aec5a985d989b327c27670a1-0x3211,90,2,Fighter,Common,12817,0x2b5321c1afddfb6680aafff4df96a209e18dea1c,92500.0
0xfe8c1ac365ba6780aec5a985d989b327c27670a1-0x3212,90,2,Assassin,Common,12818,0x2b5321c1afddfb6680aafff4df96a209e18dea1c,92500.0
0xfe8c1ac365ba6780aec5a985d989b327c27670a1-0x3213,90,2,Fighter,Common,12819,0x2b5321c1afddfb6680aafff4df96a209e18dea1c,92500.0
0xfe8c1ac365ba6780aec5a985d989b327c27670a1-0x3214,70,2,Spellcaster,Common,12820,0x2b5321c1afddfb6680aafff4df96a209e18dea1c,92500.0
0xfe8c1ac365ba6780aec5a985d989b327c27670a1-0x3247,120,2,Ranged,Uncommon,12871,0x51fab80a5296672dac1bb18e378d8dd81ed80d9a,
0xfe8c1ac365ba6780aec5a985d989b327c27670a1-0x326d,60,2,Ranged,Common,12909,0x962edd731279dbbb2c7092ad28655f845fd02b18,
0xfe8c1ac365ba6780aec5a985d989b327c27670a1-0x327f,100,2,Fighter,Common,12927,0xf6573a3576cabdd2f6b8886864fcfb748fbd5b93,10898.730276079144
0xfe8c1ac365ba6780aec5a985d989b327c27670a1-0x331,40,2,Siege,Common,817,0x4a60a51b200cfc0224645c515530dcb3effcb370,
0xfe8c1ac365ba6780aec5a985d989b327c27670a1-0x332b,100,2,Fighter,Common,13099,0x2b5321c1afddfb6680aafff4df96a209e18dea1c,92500.0
0xfe8c1ac365ba6780aec5a985d989b327c27670a1-0x332f,110,2,Siege,Common,13103,0x92e40c3ac7f668631b508cee97002b64415af8b2,
0xfe8c1ac365ba6780aec5a985d989b327c27670a1-0x3355,20,2,Assassin,Common,13141,0x098b8c8e17d300233e4893924d226e728e91eeef,3000.0
0xfe8c1ac365ba6780aec5a985d989b327c27670a1-0x33af,10,2,Fighter,Common,13231,0xd7ce367fa0e74f11ae934939712ff2e3d634b5e7,660523.0
0xfe8c1ac365ba6780aec5a985d989b327c27670a1-0x33d,30,2,Ranged,Common,829,0x7e98d97e0703a79299b65cb57a992a77a5079678,
0xfe8c1ac365ba6780aec5a985d989b327c27670a1-0x33e4,110,2,Siege,Common,13284,0xdbd296c51b1d32f5d8cc58cd6f8a5f70e6d92d33,
0xfe8c1ac365ba6780aec5a985d989b327c27670a1-0x3412,100,2,Ranged,Common,13330,0xc049085709fc6581152c1e1edeea53fae58fede1,
0xfe8c1ac365ba6780aec5a985d989b327c27670a1-0x341c,20,2,Ranged,Common,13340,0xca96e1673116557725b3289f9bf3a2a2be491120,
0xfe8c1ac365ba6780aec5a985d989b327c27670a1-0x34ad,90,2,Assassin,Common,13485,0x2b5321c1afddfb6680aafff4df96a209e18dea1c,92500.0
0xfe8c1ac365ba6780aec5a985d989b327c27670a1-0x34ae,100,2,Siege,Common,13486,0x2b5321c1afddfb6680aafff4df96a209e18dea1c,92500.0
0xfe8c1ac365ba6780aec5a985d989b327c27670a1-0x34b0,70,2,Fighter,Common,13488,0x82cb2e8852de03a89298473f0d662fba8db0971f,
0xfe8c1ac365ba6780aec5a985d989b327c27670a1-0x34db,70,2,Assassin,Common,13531,0xdc0a486efaa04e033da5ebd6f5caf3d924f3a159,
0xfe8c1ac365ba6780aec5a985d989b327c27670a1-0x3548,30,2,Spellcaster,Common,13640,0x6c70e5fc4e4926cd836a6f8b0645aa1a077fa605,
0xfe8c1ac365ba6780aec5a985d989b327c27670a1-0x354f,90,2,Siege,Common,13647,0x1645b30527d8be0385da21a96ea6c5fc1bf1825a,44800.0
0xfe8c1ac365ba6780aec5a985d989b327c27670a1-0x3550,90,2,Siege,Common,13648,0x1645b30527d8be0385da21a96ea6c5fc1bf1825a,44800.0
0xfe8c1ac365ba6780aec5a985d989b327c27670a1-0x35e1,70,2,Ranged,Common,13793,0x2b5321c1afddfb6680aafff4df96a209e18dea1c,92500.0
0xfe8c1ac365ba6780aec5a985d989b327c27670a1-0x35fd,70,2,Fighter,Common,13821,0x61ccf1ad4ae3964eea9cc776552daae3397ab264,
0xfe8c1ac365ba6780aec5a985d989b327c27670a1-0x35fe,90,2,Spellcaster,Common,13822,0x5801fdaee2cb29b185122582bca6e796bfe47dd5,
0xfe8c1ac365ba6780aec5a985d989b327c27670a1-0x36c6,10,2,Siege,Rare,14022,0xc949c2f384f0e0fc848a41052e7d0c467ca43d54,
0xfe8c1ac365ba6780aec5a985d989b327c27670a1-0x371e,90,2,Assassin,Common,14110,0xf3c9ad2f3bd897d12b0fab2d53b1dd62cb8f9d6e,120000.0
0xfe8c1ac365ba6780aec5a985d989b327c27670a1-0x3811,70,2,Fighter,Common,14353,0x408b0903a56e6b7b19078f06a8f6caf88a8cc72b,
0xfe8c1ac365ba6780aec5a985d989b327c27670a1-0x38d9,10,2,Siege,Common,14553,0x69cef33a702b73fbc4d4a28fd73b4131c15d32f7,3001.093966955362
0xfe8c1ac365ba6780aec5a985d989b327c27670a1-0x3938,10,2,Ranged,Common,14648,0xf9c1989eb95dbc89489410cdf3941541937016ff,
0xfe8c1ac365ba6780aec5a985d989b327c27670a1-0x3953,60,2,Fighter,Common,14675,0xc38da808d0865005312fe99387f5228881539e9f,
0xfe8c1ac365ba6780aec5a985d989b327c27670a1-0x3982,80,2,Assassin,Common,14722,0x66b333423409d3ae4008d6fcc84aadaa8d31a0c1,102144.0
0xfe8c1ac365ba6780aec5a985d989b327c27670a1-0x3a3a,70,2,Assassin,Common,14906,0x5774c601c1d485590949b99d386705164f31a953,
0xfe8c1ac365ba6780aec5a985d989b327c27670a1-0x3af9,110,2,Fighter,Uncommon,15097,0x3a6bfe2b87b4b7d8ec76142d0ada23fce10b74b0,496110.97440623934
0xfe8c1ac365ba6780aec5a985d989b327c27670a1-0x3b6d,30,2,Assassin,Common,15213,0x6c70e5fc4e4926cd836a6f8b0645aa1a077fa605,
0xfe8c1ac365ba6780aec5a985d989b327c27670a1-0x3b70,20,2,Assassin,Common,15216,0x71729abdd2a714db020321aee2fa76cb5c0268d3,
0xfe8c1ac365ba6780aec5a985d989b327c27670a1-0x3b86,40,2,Assassin,Common,15238,0x6c70e5fc4e4926cd836a6f8b0645aa1a077fa605,
0xfe8c1ac365ba6780aec5a985d989b327c27670a1-0x3bd1,10,2,Spellcaster,Common,15313,0xe5499a32bbfedd563f87c6fcb05d5eb0333ac996,
0xfe8c1ac365ba6780aec5a985d989b327c27670a1-0x3c3b,70,2,Fighter,Common,15419,0xa3a3b69a3c76308a867b47d3d60d8ee8213366b5,
0xfe8c1ac365ba6780aec5a985d989b327c27670a1-0x3c96,80,2,Assassin,Common,15510,0x92e40c3ac7f668631b508cee97002b64415af8b2,
0xfe8c1ac365ba6780aec5a985d989b327c27670a1-0x3ca1,80,2,Assassin,Common,15521,0x43d37c0f1e0e6124c1d4485dcaffb02b5b3fd195,
0xfe8c1ac365ba6780aec5a985d989b327c27670a1-0x3cb6,70,2,Ranged,Uncommon,15542,0x154c08be7f1a96f0a71c467745065691baa36d45,
0xfe8c1ac365ba6780aec5a985d989b327c27670a1-0x3cb,90,2,Assassin,Common,971,0x670cb798a46097da6424cea8e6adeaf4bd7fc024,40000.0
0xfe8c1ac365ba6780aec5a985d989b327c27670a1-0x3cc,70,2,Fighter,Common,972,0x670cb798a46097da6424cea8e6adeaf4bd7fc024,40000.0
0xfe8c1ac365ba6780aec5a985d989b327c27670a1-0x3d1,40,2,Ranged,Common,977,0xf39658c5f641c52aa942acde6bd178b94c30ad6e,567.9992207580225
0xfe8c1ac365ba6780aec5a985d989b327c27670a1-0x3d7e,70,2,Spellcaster,Common,15742,0x670cb798a46097da6424cea8e6adeaf4bd7fc024,40000.0
0xfe8c1ac365ba6780aec5a985d989b327c27670a1-0x3dab,40,2,Siege,Uncommon,15787,0xadf036ffc79e57effc3b63ca6b164feb06d4834c,
0xfe8c1ac365ba6780aec5a985d989b327c27670a1-0x3dc9,10,2,Siege,Common,15817,0x4e81276e61db7fddd1001ebd6ecbfa28e06a2136,882.7059472241167
0xfe8c1ac365ba6780aec5a985d989b327c27670a1-0x3e9f,50,2,Spellcaster,Common,16031,0x482dedbd00ac5c3f59d3d84f86e16cfad8e5200d,100.0
0xfe8c1ac365ba6780aec5a985d989b327c27670a1-0x3ea0,80,2,Assassin,Common,16032,0x9de7b7ce0d4783209957d0253769bd54934b7a13,
0xfe8c1ac365ba6780aec5a985d989b327c27670a1-0x3ea1,90,2,Spellcaster,Common,16033,0x9de7b7ce0d4783209957d0253769bd54934b7a13,
0xfe8c1ac365ba6780aec5a985d989b327c27670a1-0x3eb6,70,2,Fighter,Common,16054,0xe7436afad54fec84a67be7866ad21f4fb0d3efc6,
0xfe8c1ac365ba6780aec5a985d989b327c27670a1-0x3eb7,60,2,Assassin,Uncommon,16055,0xe7436afad54fec84a67be7866ad21f4fb0d3efc6,
0xfe8c1ac365ba6780aec5a985d989b327c27670a1-0x3ecc,70,2,Spellcaster,Common,16076,0x1645b30527d8be0385da21a96ea6c5fc1bf1825a,44800.0
0xfe8c1ac365ba6780aec5a985d989b327c27670a1-0x3eda,60,2,Siege,Common,16090,0x1d5522626729349812a71d812d14af8af1f7aa26,
0xfe8c1ac365ba6780aec5a985d989b327c27670a1-0x3ee9,60,2,Ranged,Common,16105,0xd7ce367fa0e74f11ae934939712ff2e3d634b5e7,660523.0
0xfe8c1ac365ba6780aec5a985d989b327c27670a1-0x3eea,80,2,Spellcaster,Common,16106,0xd7ce367fa0e74f11ae934939712ff2e3d634b5e7,660523.0
0xfe8c1ac365ba6780aec5a985d989b327c27670a1-0x3eeb,80,2,Fighter,Common,16107,0xd7ce367fa0e74f11ae934939712ff2e3d634b5e7,660523.0
0xfe8c1ac365ba6780aec5a985d989b327c27670a1-0x3f02,40,2,Assassin,Uncommon,16130,0x2e0d63ffcb08ea20ff3acdbb72dfec97343885d2,
0xfe8c1ac365ba6780aec5a985d989b327c27670a1-0x3f11,90,2,Spellcaster,Common,16145,0x4508205f7dd2129fd970df1bb29ff6b8eb1f148c,1500.0
0xfe8c1ac365ba6780aec5a985d989b327c27670a1-0x3f13,60,2,Ranged,Common,16147,0xd7ce367fa0e74f11ae934939712ff2e3d634b5e7,660523.0
0xfe8c1ac365ba6780aec5a985d989b327c27670a1-0x3f14,70,2,Spellcaster,Common,16148,0xd7ce367fa0e74f11ae934939712ff2e3d634b5e7,660523.0
0xfe8c1ac365ba6780aec5a985d989b327c27670a1-0x3f15,80,2,Spellcaster,Common,16149,0x97735db6fbbc87eb32ac63b28510ab5da2829a52,20000.0
0xfe8c1ac365ba6780aec5a985d989b327c27670a1-0x3f18,20,2,Spellcaster,Uncommon,16152,0xbae4e32ede96935787b3952389a146866d1e40fc,
0xfe8c1ac365ba6780aec5a985d989b327c27670a1-0x3f1a,50,2,Assassin,Uncommon,16154,0xead2b8ee2a2d0c5e99f7808d37f2ee57877ad2de,38000.0
0xfe8c1ac365ba6780aec5a985d989b327c27670a1-0x3f1e,70,2,Assassin,Common,16158,0x8bced9d03f4c3bc59a0bcf91933191285af67268,585000.0
0xfe8c1ac365ba6780aec5a985d989b327c27670a1-0x3f23,80,2,Spellcaster,Uncommon,16163,0x8bced9d03f4c3bc59a0bcf91933191285af67268,585000.0
0xfe8c1ac365ba6780aec5a985d989b327c27670a1-0x3f24,70,2,Siege,Common,16164,0x8bced9d03f4c3bc59a0bcf91933191285af67268,585000.0
0xfe8c1ac365ba6780aec5a985d989b327c27670a1-0x3f25,80,2,Spellcaster,Common,16165,0x8bced9d03f4c3bc59a0bcf91933191285af67268,585000.0
0xfe8c1ac365ba6780aec5a985d989b327c27670a1-0x3f4c,30,2,Siege,Common,16204,0x54639740ad4c316eeb9b4ba145b383901e04eaa3,
0xfe8c1ac365ba6780aec5a985d989b327c27670a1-0x3f52,40,2,Fighter,Common,16210,0xb66208276563c538cdeb5cf37c815a14c915ac1f,
0xfe8c1ac365ba6780aec5a985d989b327c27670a1-0x3f5f,70,2,Fighter,Common,16223,0x97e009cb2553b9d753ee9e08acff8f32903edd28,
0xfe8c1ac365ba6780aec5a985d989b327c27670a1-0x3f6d,50,2,Assassin,Common,16237,0x832f7b8fa10ef43c5398e270476d469949aad377,
0xfe8c1ac365ba6780aec5a985d989b327c27670a1-0x3f79,70,2,Siege,Common,16249,0x52cd47933c3428e5ae8f442a47f904c390942dce,84868.7
0xfe8c1ac365ba6780aec5a985d989b327c27670a1-0x3f7c,70,2,Spellcaster,Uncommon,16252,0xdf0460cbd0d1219785b07f1e19be8a07d7a0db8c,
0xfe8c1ac365ba6780aec5a985d989b327c27670a1-0x3f7d,70,2,Spellcaster,Common,16253,0xdf0460cbd0d1219785b07f1e19be8a07d7a0db8c,
0xfe8c1ac365ba6780aec5a985d989b327c27670a1-0x3f7e,50,2,Spellcaster,Common,16254,0xdf0460cbd0d1219785b07f1e19be8a07d7a0db8c,
0xfe8c1ac365ba6780aec5a985d989b327c27670a1-0x3f82,50,2,Siege,Common,16258,0xf219904c26044db624b01ce7bee8bf98e64ec619,170000.0
0xfe8c1ac365ba6780aec5a985d989b327c27670a1-0x3f8c,40,2,Fighter,Common,16268,0xd4c5211966074126b8f932596a26a34e5ae31d45,70000.0
0xfe8c1ac365ba6780aec5a985d989b327c27670a1-0x3f8d,60,2,Ranged,Common,16269,0xd4c5211966074126b8f932596a26a34e5ae31d45,70000.0
0xfe8c1ac365ba6780aec5a985d989b327c27670a1-0x3f8e,60,2,Fighter,Common,16270,0xd4c5211966074126b8f932596a26a34e5ae31d45,70000.0
0xfe8c1ac365ba6780aec5a985d989b327c27670a1-0x3fbc,80,2,Spellcaster,Common,16316,0x79bc6c1d8fc64214107949f0e5a2b1b4ce690b60,
0xfe8c1ac365ba6780aec5a985d989b327c27670a1-0x3fc1,80,2,Ranged,Uncommon,16321,0xf681efdcba35c69dc0fe56b7fdb56324f5abd385,4000.0
0xfe8c1ac365ba6780aec5a985d989b327c27670a1-0x3fc8,60,2,Siege,Common,16328,0x668e961736454a2444adb485340cb7f0844ddd3d,
0xfe8c1ac365ba6780aec5a985d989b327c27670a1-0x3fcc,20,2,Siege,Uncommon,16332,0x747e83632fce402366eeb224d02a276ed2d0d47a,
0xfe8c1ac365ba6780aec5a985d989b327c27670a1-0x3fd4,30,2,Spellcaster,Common,16340,0xe11d6fe5918820a53c7ab7c4c37183ab29a4b103,108000.0
0xfe8c1ac365ba6780aec5a985d989b327c27670a1-0x3fd8,10,2,Ranged,Uncommon,16344,0x8f8b4759dc93ca55bd6997df719f20f581f10f5c,110001.0
0xfe8c1ac365ba6780aec5a985d989b327c27670a1-0x3fde,60,2,Fighter,Common,16350,0xa4312263100b1bc63d0108171c2ffd7854ef7ad1,49999.99999999999
0xfe8c1ac365ba6780aec5a985d989b327c27670a1-0x3,90,2,Fighter,Common,3,0x032f84aeff59ddebc55797f321624826d873bf65,
0xfe8c1ac365ba6780aec5a985d989b327c27670a1-0x4008,50,2,Siege,Common,16392,0xa4a4391e36ea795760c06d32e4cb0b1968c87f35,180451.06082753238
0xfe8c1ac365ba6780aec5a985d989b327c27670a1-0x4009,90,2,Spellcaster,Common,16393,0xf6174f219d468b420af8787a979b7b81bc69d136,10000.0
0xfe8c1ac365ba6780aec5a985d989b327c27670a1-0x400e,30,2,Assassin,Common,16398,0xebcea89d0e3beb500449f7216bb0f456d1fd93cb,22499.0
0xfe8c1ac365ba6780aec5a985d989b327c27670a1-0x4015,30,2,Siege,Common,16405,0x8f8b4759dc93ca55bd6997df719f20f581f10f5c,110001.0
0xfe8c1ac365ba6780aec5a985d989b327c27670a1-0x403e,80,2,Fighter,Common,16446,0xf6174f219d468b420af8787a979b7b81bc69d136,10000.0
0xfe8c1ac365ba6780aec5a985d989b327c27670a1-0x406a,30,2,Ranged,Common,16490,0x1ccc5914dad16b432644f832890d8cc40df72a2d,1737.0
0xfe8c1ac365ba6780aec5a985d989b327c27670a1-0x407e,70,2,Assassin,Common,16510,0x064e2e9c7df51861ac4492551baf1fd6e3286074,6616.912428306356
0xfe8c1ac365ba6780aec5a985d989b327c27670a1-0x4089,60,2,Spellcaster,Common,16521,0x0b85a2746216ab3b664c70dfb9ba9127c2f0fee5,
0xfe8c1ac365ba6780aec5a985d989b327c27670a1-0x408d,30,2,Ranged,Common,16525,0x6c70e5fc4e4926cd836a6f8b0645aa1a077fa605,
0xfe8c1ac365ba6780aec5a985d989b327c27670a1-0x409b,60,2,Fighter,Uncommon,16539,0x734740c70db02f5710207f1d12df47c710665206,
0xfe8c1ac365ba6780aec5a985d989b327c27670a1-0x40ab,60,2,Ranged,Common,16555,0x30a39fcd4d538b3434ea0d2877292cc0f45a79cf,131000.0
0xfe8c1ac365ba6780aec5a985d989b327c27670a1-0x40ae,40,2,Spellcaster,Uncommon,16558,0x8404efa98a4e129855c200fc4e90c257078d9ed3,
0xfe8c1ac365ba6780aec5a985d989b327c27670a1-0x40c2,40,2,Spellcaster,Common,16578,0xf681efdcba35c69dc0fe56b7fdb56324f5abd385,4000.0
0xfe8c1ac365ba6780aec5a985d989b327c27670a1-0x40ce,20,2,Ranged,Common,16590,0x6fbfed625112b8587b3009453329f31250c80e63,
0xfe8c1ac365ba6780aec5a985d989b327c27670a1-0x40d9,80,2,Spellcaster,Common,16601,0xdbd296c51b1d32f5d8cc58cd6f8a5f70e6d92d33,
0xfe8c1ac365ba6780aec5a985d989b327c27670a1-0x40da,80,2,Spellcaster,Common,16602,0xdbd296c51b1d32f5d8cc58cd6f8a5f70e6d92d33,
0xfe8c1ac365ba6780aec5a985d989b327c27670a1-0x40df,50,2,Assassin,Uncommon,16607,0x227e1b983db675cbce4862848961e33cfe16a5d7,2.62
0xfe8c1ac365ba6780aec5a985d989b327c27670a1-0x40f3,50,2,Ranged,Common,16627,0x5cd334c41cd8da95be22d44de617fed9ce12363a,172000.0
0xfe8c1ac365ba6780aec5a985d989b327c27670a1-0x40f8,30,2,Assassin,Common,16632,0xf9c1989eb95dbc89489410cdf3941541937016ff,
0xfe8c1ac365ba6780aec5a985d989b327c27670a1-0x4109,30,2,Ranged,Common,16649,0x6c70e5fc4e4926cd836a6f8b0645aa1a077fa605,
0xfe8c1ac365ba6780aec5a985d989b327c27670a1-0x412b,50,2,Siege,Uncommon,16683,0xbd3bcf36e0df2f0bc502b7c57f1f34b3218cb78b,
0xfe8c1ac365ba6780aec5a985d989b327c27670a1-0x412e,30,2,Spellcaster,Common,16686,0x54372fd91473e0f6f8507a955cd45de9b9d740d5,2400.0
0xfe8c1ac365ba6780aec5a985d989b327c27670a1-0x413e,50,2,Spellcaster,Common,16702,0x309bcc55fe9cca749cff42eb94a846823d27bce6,
0xfe8c1ac365ba6780aec5a985d989b327c27670a1-0x413f,20,2,Assassin,Common,16703,0x309bcc55fe9cca749cff42eb94a846823d27bce6,
0xfe8c1ac365ba6780aec5a985d989b327c27670a1-0x4147,60,2,Ranged,Uncommon,16711,0xdf5b0e3887ec6cb55c261d4bc051de8dbf7d8650,21001.0
0xfe8c1ac365ba6780aec5a985d989b327c27670a1-0x4159,60,2,Assassin,Common,16729,0x8794941dd8fe7804ba8d2d1189a041af36f5a588,103880.0407838902
0xfe8c1ac365ba6780aec5a985d989b327c27670a1-0x415c,60,2,Assassin,Common,16732,0x8794941dd8fe7804ba8d2d1189a041af36f5a588,103880.0407838902
0xfe8c1ac365ba6780aec5a985d989b327c27670a1-0x4166,50,2,Spellcaster,Common,16742,0x2aa4dbf8462b3eec6e8b8134b6ba8f8cd84fd1cb,156098.08683684136
0xfe8c1ac365ba6780aec5a985d989b327c27670a1-0x4167,50,2,Ranged,Common,16743,0x2aa4dbf8462b3eec6e8b8134b6ba8f8cd84fd1cb,156098.08683684136
0xfe8c1ac365ba6780aec5a985d989b327c27670a1-0x4168,50,2,Spellcaster,Rare,16744,0x2aa4dbf8462b3eec6e8b8134b6ba8f8cd84fd1cb,156098.08683684136
0xfe8c1ac365ba6780aec5a985d989b327c27670a1-0x4169,60,2,Ranged,Uncommon,16745,0x2aa4dbf8462b3eec6e8b8134b6ba8f8cd84fd1cb,156098.08683684136
0xfe8c1ac365ba6780aec5a985d989b327c27670a1-0x416a,60,2,Spellcaster,Uncommon,16746,0x2aa4dbf8462b3eec6e8b8134b6ba8f8cd84fd1cb,156098.08683684136
0xfe8c1ac365ba6780aec5a985d989b327c27670a1-0x416b,40,2,Assassin,Common,16747,0x2aa4dbf8462b3eec6e8b8134b6ba8f8cd84fd1cb,156098.08683684136
0xfe8c1ac365ba6780aec5a985d989b327c27670a1-0x4172,10,2,Ranged,Common,16754,0x5d082946dadda4ac0259c4eed8dac62de97078fa,
0xfe8c1ac365ba6780aec5a985d989b327c27670a1-0x4175,80,2,Spellcaster,Common,16757,0x68321c407aa92cf001c2e766cfba4259e9d9a1ad,75000.0
0xfe8c1ac365ba6780aec5a985d989b327c27670a1-0x4176,20,2,Spellcaster,Common,16758,0x6c70e5fc4e4926cd836a6f8b0645aa1a077fa605,
0xfe8c1ac365ba6780aec5a985d989b327c27670a1-0x4186,40,2,Siege,Common,16774,0x4393b7b4f94d78323a2efab982449182b292074f,49999.99999999999
0xfe8c1ac365ba6780aec5a985d989b327c27670a1-0x418c,30,2,Siege,Common,16780,0x6c70e5fc4e4926cd836a6f8b0645aa1a077fa605,
0xfe8c1ac365ba6780aec5a985d989b327c27670a1-0x4190,50,2,Siege,Common,16784,0x11099ac9cc097d0c9759635b8e16c6a91ecc43da,
0xfe8c1ac365ba6780aec5a985d989b327c27670a1-0x41a5,70,2,Siege,Uncommon,16805,0xab231ec29c05eff58574f6acbb9440b7e0fa8626,192000.0
0xfe8c1ac365ba6780aec5a985d989b327c27670a1-0x41b1,50,2,Ranged,Common,16817,0x996f047f5ca79c7a1cfb92a534add66520d9c2b1,
0xfe8c1ac365ba6780aec5a985d989b327c27670a1-0x41d3,30,2,Fighter,Common,16851,0x8a14b7523cc6a17cc88043422cdc31cafc698735,10000.0
0xfe8c1ac365ba6780aec5a985d989b327c27670a1-0x41e5,70,2,Fighter,Common,16869,0xf6174f219d468b420af8787a979b7b81bc69d136,10000.0
0xfe8c1ac365ba6780aec5a985d989b327c27670a1-0x4232,80,2,Spellcaster,Common,16946,0x408b0903a56e6b7b19078f06a8f6caf88a8cc72b,
0xfe8c1ac365ba6780aec5a985d989b327c27670a1-0x4233,80,2,Ranged,Common,16947,0x408b0903a56e6b7b19078f06a8f6caf88a8cc72b,
0xfe8c1ac365ba6780aec5a985d989b327c27670a1-0x4234,80,2,Ranged,Common,16948,0x408b0903a56e6b7b19078f06a8f6caf88a8cc72b,
0xfe8c1ac365ba6780aec5a985d989b327c27670a1-0x4235,70,2,Spellcaster,Common,16949,0x408b0903a56e6b7b19078f06a8f6caf88a8cc72b,
0xfe8c1ac365ba6780aec5a985d989b327c27670a1-0x4236,70,2,Spellcaster,Uncommon,16950,0x408b0903a56e6b7b19078f06a8f6caf88a8cc72b,
0xfe8c1ac365ba6780aec5a985d989b327c27670a1-0x4249,20,2,Ranged,Common,16969,0x11099ac9cc097d0c9759635b8e16c6a91ecc43da,
0xfe8c1ac365ba6780aec5a985d989b327c27670a1-0x424a,60,2,Ranged,Common,16970,0xea40a159a1430a9422f1a66f11ca9dfea76d80e1,1000.0
0xfe8c1ac365ba6780aec5a985d989b327c27670a1-0x424e,60,2,Assassin,Common,16974,0xa1301bc880de06b84be4d9150105c6b8cc6202b2,46327.0
0xfe8c1ac365ba6780aec5a985d989b327c27670a1-0x424f,50,2,Spellcaster,Common,16975,0xa1301bc880de06b84be4d9150105c6b8cc6202b2,46327.0
0xfe8c1ac365ba6780aec5a985d989b327c27670a1-0x426a,70,2,Fighter,Common,17002,0xaf749ca22395604e4d064c35e2caa27ba96b1b55,8000.0
0xfe8c1ac365ba6780aec5a985d989b327c27670a1-0x426d,30,2,Siege,Common,17005,0xb8c99cf73b3fb4fa362f44ee10fd8dafae45d7f0,
0xfe8c1ac365ba6780aec5a985d989b327c27670a1-0x427e,60,2,Fighter,Common,17022,0x038a2c957a470373ea4ecf91493bcbf2b4a2ec93,
0xfe8c1ac365ba6780aec5a985d989b327c27670a1-0x4281,50,2,Fighter,Common,17025,0x038a2c957a470373ea4ecf91493bcbf2b4a2ec93,
0xfe8c1ac365ba6780aec5a985d989b327c27670a1-0x428a,70,2,Assassin,Common,17034,0x79116c7cee3295e2f0008d075637c6ac2bc06865,140000.0
0xfe8c1ac365ba6780aec5a985d989b327c27670a1-0x428d,40,2,Ranged,Common,17037,0xcbdccb3e11777da45a2f2c9b3ae323d90b1f8a87,33000.0
0xfe8c1ac365ba6780aec5a985d989b327c27670a1-0x42ab,20,2,Assassin,Common,17067,0x1d18a0fdff04c4c462b42bccac22c1df1f5595fb,
0xfe8c1ac365ba6780aec5a985d989b327c27670a1-0x42a,30,2,All-Class,Rare,1066,0x75e55dd9914870a415532c2bb5b969d5a3437841,25089.57353070407
0xfe8c1ac365ba6780aec5a985d989b327c27670a1-0x42bf,10,2,Spellcaster,Uncommon,17087,0xc56acc675edab61367102542ec9c739d2c292a3e,
0xfe8c1ac365ba6780aec5a985d989b327c27670a1-0x42,20,2,Assassin,Common,66,0xcd7f6b72049c3b54416f9f26392cb271e74ca3fd,
0xfe8c1ac365ba6780aec5a985d989b327c27670a1-0x4317,70,2,Siege,Common,17175,0xce13bda9dbb5d9edac09188b3455e7b6b54d5009,
0xfe8c1ac365ba6780aec5a985d989b327c27670a1-0x4341,50,2,Spellcaster,Common,17217,0xca297f9413a18e4b919799d0d0a5ad9c1be6a0ba,8000.0
0xfe8c1ac365ba6780aec5a985d989b327c27670a1-0x4343,70,2,Siege,Common,17219,0x0dc7fc49f79b310b3ea8919ea15429d35c565d11,
0xfe8c1ac365ba6780aec5a985d989b327c27670a1-0x434a,70,2,Assassin,Common,17226,0xce13bda9dbb5d9edac09188b3455e7b6b54d5009,
0xfe8c1ac365ba6780aec5a985d989b327c27670a1-0x4376,80,2,Fighter,Common,17270,0x627d9676d261a2248567bf078e21720fcc3dc549,
0xfe8c1ac365ba6780aec5a985d989b327c27670a1-0x4377,70,2,Assassin,Common,17271,0x627d9676d261a2248567bf078e21720fcc3dc549,
0xfe8c1ac365ba6780aec5a985d989b327c27670a1-0x4378,80,2,Spellcaster,Common,17272,0x627d9676d261a2248567bf078e21720fcc3dc549,
0xfe8c1ac365ba6780aec5a985d989b327c27670a1-0x4390,50,2,Ranged,Common,17296,0x1a49fce89d020dc189979c0d5a52b59a35742fcf,
0xfe8c1ac365ba6780aec5a985d989b327c27670a1-0x4396,40,2,Fighter,Rare,17302,0xca997b85f3247744c07eaff8d7dd14410ce29427,
0xfe8c1ac365ba6780aec5a985d989b327c27670a1-0x43d5,10,2,Spellcaster,Common,17365,0xf4580a1f39dbdd9b03103741604a3a92f5b9a5c8,184997.1183841527
0xfe8c1ac365ba6780aec5a985d989b327c27670a1-0x43db,20,2,Ranged,Uncommon,17371,0x8ff55b93a1ed400e8bc44dc0026459209700a704,
0xfe8c1ac365ba6780aec5a985d989b327c27670a1-0x43e4,30,2,Fighter,Common,17380,0xc6ce3202b4c5da7db2736e92383f6405afb57715,
0xfe8c1ac365ba6780aec5a985d989b327c27670a1-0x43ed,80,2,Fighter,Common,17389,0x92e40c3ac7f668631b508cee97002b64415af8b2,
0xfe8c1ac365ba6780aec5a985d989b327c27670a1-0x4407,40,2,Siege,Common,17415,0x6909e31e2dbf9b1140dca85acb77224b59258a9f,
0xfe8c1ac365ba6780aec5a985d989b327c27670a1-0x4408,30,2,Spellcaster,Common,17416,0x28d97add070d26e55c5e4a5f863f1f5fee7621df,
0xfe8c1ac365ba6780aec5a985d989b327c27670a1-0x442a,40,2,Siege,Common,17450,0x1fd2978ac57fb2f459ef1ab7812b58f29ab437ba,1867459.3182941403
0xfe8c1ac365ba6780aec5a985d989b327c27670a1-0x4430,50,2,Fighter,Common,17456,0x42741dd36db0aa4ec6fa2b90afe8250b1ec2e70a,
0xfe8c1ac365ba6780aec5a985d989b327c27670a1-0x443a,80,2,Assassin,Rare,17466,0xaa0dee58a36b72c774317eb5f71afb2a04c85527,99999.99999999999
0xfe8c1ac365ba6780aec5a985d989b327c27670a1-0x4482,30,2,Fighter,Common,17538,0x754880ec7cdce6545038bf87fe8270fd9da43c4d,
0xfe8c1ac365ba6780aec5a985d989b327c27670a1-0x448d,60,2,Spellcaster,Common,17549,0x449d9bab5855d53864969defeeaf0148f7c104f2,211626.78978672595
0xfe8c1ac365ba6780aec5a985d989b327c27670a1-0x448e,40,2,Ranged,Common,17550,0x449d9bab5855d53864969defeeaf0148f7c104f2,211626.78978672595
0xfe8c1ac365ba6780aec5a985d989b327c27670a1-0x4498,60,2,Fighter,Common,17560,0x397382acb7b201b83f8b4833a01094ef8f319c10,
0xfe8c1ac365ba6780aec5a985d989b327c27670a1-0x44ab,50,2,Assassin,Rare,17579,0x759c5f293edc487aa02186f0099864ebc53191c1,0.1
0xfe8c1ac365ba6780aec5a985d989b327c27670a1-0x44be,40,2,Siege,Uncommon,17598,0x97fb0eda14c48073332915a0f30b52f37958b7e3,
0xfe8c1ac365ba6780aec5a985d989b327c27670a1-0x44cf,50,2,Ranged,Common,17615,0xf3c9ad2f3bd897d12b0fab2d53b1dd62cb8f9d6e,120000.0
0xfe8c1ac365ba6780aec5a985d989b327c27670a1-0x4517,50,2,Spellcaster,Common,17687,0xdbd296c51b1d32f5d8cc58cd6f8a5f70e6d92d33,
0xfe8c1ac365ba6780aec5a985d989b327c27670a1-0x456e,50,2,Spellcaster,Common,17774,0x72959497201a7e931d8460dfa28935ca8db2a91d,
0xfe8c1ac365ba6780aec5a985d989b327c27670a1-0x4577,70,2,Ranged,Common,17783,0xd7ce367fa0e74f11ae934939712ff2e3d634b5e7,660523.0
0xfe8c1ac365ba6780aec5a985d989b327c27670a1-0x45a0,10,2,Assassin,Common,17824,0xe6402d1222325f91cbdac68797fac5e8ec2e42e5,
0xfe8c1ac365ba6780aec5a985d989b327c27670a1-0x45a1,10,2,Assassin,Common,17825,0xe6402d1222325f91cbdac68797fac5e8ec2e42e5,
0xfe8c1ac365ba6780aec5a985d989b327c27670a1-0x45b9,60,2,Fighter,Common,17849,0xf6174f219d468b420af8787a979b7b81bc69d136,10000.0
0xfe8c1ac365ba6780aec5a985d989b327c27670a1-0x4622,10,2,Fighter,Common,17954,0x098b8c8e17d300233e4893924d226e728e91eeef,3000.0
0xfe8c1ac365ba6780aec5a985d989b327c27670a1-0x4626,20,2,Assassin,Uncommon,17958,0xe29eca6437dd8f39faa01fa74b6eea0178d3bf77,
0xfe8c1ac365ba6780aec5a985d989b327c27670a1-0x4647,30,2,Assassin,Common,17991,0x65711ee91afc72398e7f9db2f8b0f73a87cc524c,11284.0
0xfe8c1ac365ba6780aec5a985d989b327c27670a1-0x466e,10,2,Fighter,Uncommon,18030,0xe65572aeb09776e097ad49ba86b3c39fa4ab533d,8000.0
0xfe8c1ac365ba6780aec5a985d989b327c27670a1-0x4675,40,2,Siege,Uncommon,18037,0x8afaed312996c8a3984c83e9d092faa970f9d055,132255.94826433316
0xfe8c1ac365ba6780aec5a985d989b327c27670a1-0x46a2,30,2,Spellcaster,Common,18082,0x6301add4fb128de9778b8651a2a9278b86761423,
0xfe8c1ac365ba6780aec5a985d989b327c27670a1-0x46a3,30,2,Spellcaster,Common,18083,0x6301add4fb128de9778b8651a2a9278b86761423,
0xfe8c1ac365ba6780aec5a985d989b327c27670a1-0x46a4,30,2,Siege,Common,18084,0x6301add4fb128de9778b8651a2a9278b86761423,
0xfe8c1ac365ba6780aec5a985d989b327c27670a1-0x46a5,20,2,Spellcaster,Common,18085,0x6301add4fb128de9778b8651a2a9278b86761423,
0xfe8c1ac365ba6780aec5a985d989b327c27670a1-0x4700,10,2,Assassin,Common,18176,0x7cf67a1a486d5716517a989f180112ba26d1afcf,519900.0
0xfe8c1ac365ba6780aec5a985d989b327c27670a1-0x4708,30,2,Siege,Common,18184,0x9f8e5596538ef0e6e4f16fba13b02732c48547ed,
0xfe8c1ac365ba6780aec5a985d989b327c27670a1-0x4761,60,2,Spellcaster,Common,18273,0x92e40c3ac7f668631b508cee97002b64415af8b2,
0xfe8c1ac365ba6780aec5a985d989b327c27670a1-0x479,40,2,Riverman,Special,1145,0xbd16ea350f19025ad2b92c3325a4d90e1205c7be,
0xfe8c1ac365ba6780aec5a985d989b327c27670a1-0x4899,10,2,Siege,Common,18585,0xf8de1e04e35d3059ed38a80c23a85884c3a12833,1400.0
0xfe8c1ac365ba6780aec5a985d989b327c27670a1-0x48a2,10,2,Spellcaster,Common,18594,0xab231ec29c05eff58574f6acbb9440b7e0fa8626,192000.0
0xfe8c1ac365ba6780aec5a985d989b327c27670a1-0x48a4,40,2,Fighter,Common,18596,0xab231ec29c05eff58574f6acbb9440b7e0fa8626,192000.0
0xfe8c1ac365ba6780aec5a985d989b327c27670a1-0x48ad,30,2,Spellcaster,Common,18605,0x227e1b983db675cbce4862848961e33cfe16a5d7,2.62
0xfe8c1ac365ba6780aec5a985d989b327c27670a1-0x48cd,40,2,Ranged,Common,18637,0x32d0af7a2de99d4f1d601c2c0ec5084a4a1cb840,600.0
0xfe8c1ac365ba6780aec5a985d989b327c27670a1-0x48ef,30,2,Assassin,Common,18671,0x82cb2e8852de03a89298473f0d662fba8db0971f,
0xfe8c1ac365ba6780aec5a985d989b327c27670a1-0x48e,100,2,Numeraire,Special,1166,0xf92fdae0fe3c4e9f60ea44304937468b3890a283,2500.0
0xfe8c1ac365ba6780aec5a985d989b327c27670a1-0x48f,90,2,Fighter,Common,1167,0x5cc15a41774830d9e6d6c7ddee6c6c957932caa1,70000.0
0xfe8c1ac365ba6780aec5a985d989b327c27670a1-0x4931,10,2,Ranged,Rare,18737,0xa3b7e585430f02eeb5d3eadbc47cbeaeb482c033,
0xfe8c1ac365ba6780aec5a985d989b327c27670a1-0x493d,40,2,Fighter,Common,18749,0x449d9bab5855d53864969defeeaf0148f7c104f2,211626.78978672595
0xfe8c1ac365ba6780aec5a985d989b327c27670a1-0x493e,40,2,Ranged,Uncommon,18750,0x449d9bab5855d53864969defeeaf0148f7c104f2,211626.78978672595
0xfe8c1ac365ba6780aec5a985d989b327c27670a1-0x493f,30,2,Siege,Common,18751,0x449d9bab5855d53864969defeeaf0148f7c104f2,211626.78978672595
0xfe8c1ac365ba6780aec5a985d989b327c27670a1-0x4942,10,2,Assassin,Common,18754,0xd2da3a07bf4cd039d5f36d22f22b6fe04bd56a86,
0xfe8c1ac365ba6780aec5a985d989b327c27670a1-0x4a8a,20,2,Siege,Uncommon,19082,0x790f72745b86fdefeb1ae9d520f2285da3e40989,
0xfe8c1ac365ba6780aec5a985d989b327c27670a1-0x4ae3,30,2,Fighter,Common,19171,0x7e98d97e0703a79299b65cb57a992a77a5079678,
0xfe8c1ac365ba6780aec5a985d989b327c27670a1-0x4af5,40,2,Ranged,Common,19189,0x9fe8dd53cbdd395dd9f9e4e1a843313bb0c1977c,2000.0
0xfe8c1ac365ba6780aec5a985d989b327c27670a1-0x4b0,80,2,Fighter,Common,1200,0x1ce33afd0e70ad410a74e855dd9871f2b31f3eee,
0xfe8c1ac365ba6780aec5a985d989b327c27670a1-0x4ba9,30,2,Fighter,Common,19369,0x7e98d97e0703a79299b65cb57a992a77a5079678,
0xfe8c1ac365ba6780aec5a985d989b327c27670a1-0x4bb4,40,2,Assassin,Uncommon,19380,0x3a6bfe2b87b4b7d8ec76142d0ada23fce10b74b0,496110.97440623934
0xfe8c1ac365ba6780aec5a985d989b327c27670a1-0x4bba,20,2,Fighter,Common,19386,0x7e98d97e0703a79299b65cb57a992a77a5079678,
0xfe8c1ac365ba6780aec5a985d989b327c27670a1-0x4bbb,60,2,Fighter,Common,19387,0x3a6bfe2b87b4b7d8ec76142d0ada23fce10b74b0,496110.97440623934
0xfe8c1ac365ba6780aec5a985d989b327c27670a1-0x4bc8,30,2,Assassin,Common,19400,0x82cb2e8852de03a89298473f0d662fba8db0971f,
0xfe8c1ac365ba6780aec5a985d989b327c27670a1-0x4c67,50,2,Ranged,Common,19559,0x408b0903a56e6b7b19078f06a8f6caf88a8cc72b,
0xfe8c1ac365ba6780aec5a985d989b327c27670a1-0x4db4,20,2,Siege,Common,19892,0x82cb2e8852de03a89298473f0d662fba8db0971f,
0xfe8c1ac365ba6780aec5a985d989b327c27670a1-0x4db6,40,2,Ranged,Common,19894,0xad82aecd14d42aa19f5b6175e23937f33d25babe,
0xfe8c1ac365ba6780aec5a985d989b327c27670a1-0x4def,10,2,Spellcaster,Common,19951,0xe8883ad1b01d9911b37552385914c125ebd7fcd7,
0xfe8c1ac365ba6780aec5a985d989b327c27670a1-0x4ef8,10,2,Fighter,Common,20216,0x9be06783d8df6f483071805311e3dd55032eb88e,
0xfe8c1ac365ba6780aec5a985d989b327c27670a1-0x4f1d,50,2,Ranged,Common,20253,0x3a6bfe2b87b4b7d8ec76142d0ada23fce10b74b0,496110.97440623934
0xfe8c1ac365ba6780aec5a985d989b327c27670a1-0x4f88,30,2,Siege,Common,20360,0x82cb2e8852de03a89298473f0d662fba8db0971f,
0xfe8c1ac365ba6780aec5a985d989b327c27670a1-0x508f,20,2,Spellcaster,Rare,20623,0x677a75bd0d71ed25b385a9ef0bba432aac647e3e,
0xfe8c1ac365ba6780aec5a985d989b327c27670a1-0x516,60,2,Assassin,Uncommon,1302,0xe62f16865ad77071fa4581c1342272bc5715bf96,185000.0
0xfe8c1ac365ba6780aec5a985d989b327c27670a1-0x518c,30,2,Fighter,Common,20876,0xe5bc0291f77a4fc56f96cf3fd6494ffb1cbf2014,149999.99999999997
0xfe8c1ac365ba6780aec5a985d989b327c27670a1-0x518e,20,2,Spellcaster,Common,20878,0x82cb2e8852de03a89298473f0d662fba8db0971f,
0xfe8c1ac365ba6780aec5a985d989b327c27670a1-0x51ed,40,2,Assassin,Common,20973,0x1e38f19ec613cfcb06d23fd71d01c9dc1feba45e,1500.0
0xfe8c1ac365ba6780aec5a985d989b327c27670a1-0x5264,30,2,Spellcaster,Rare,21092,0x3a6bfe2b87b4b7d8ec76142d0ada23fce10b74b0,496110.97440623934
0xfe8c1ac365ba6780aec5a985d989b327c27670a1-0x52c0,30,2,Ranged,Common,21184,0xe5bc0291f77a4fc56f96cf3fd6494ffb1cbf2014,149999.99999999997
0xfe8c1ac365ba6780aec5a985d989b327c27670a1-0x5310,10,2,Siege,Rare,21264,0x677a75bd0d71ed25b385a9ef0bba432aac647e3e,
0xfe8c1ac365ba6780aec5a985d989b327c27670a1-0x537a,10,2,Spellcaster,Common,21370,0xf3d0cb1b3db63a5f98a0ecb05d0d9f263058b7cb,250.0
0xfe8c1ac365ba6780aec5a985d989b327c27670a1-0x5385,10,2,Fighter,Common,21381,0x42741dd36db0aa4ec6fa2b90afe8250b1ec2e70a,
0xfe8c1ac365ba6780aec5a985d989b327c27670a1-0x5469,30,2,Fighter,Common,21609,0x23e56392e605fe5d2edde803be5070ba27a6cae3,
0xfe8c1ac365ba6780aec5a985d989b327c27670a1-0x54d4,10,2,Assassin,Uncommon,21716,0xd7ce367fa0e74f11ae934939712ff2e3d634b5e7,660523.0
0xfe8c1ac365ba6780aec5a985d989b327c27670a1-0x54e6,20,2,Siege,Common,21734,0x8963bf3079639e06d2f88e59b47988ca75f81c53,
0xfe8c1ac365ba6780aec5a985d989b327c27670a1-0x54ed,10,2,Assassin,Common,21741,0x11cf00ab1b7dd2f9529341ca4229f3bd5ac2e40e,
0xfe8c1ac365ba6780aec5a985d989b327c27670a1-0x554,20,2,Fighter,Common,1364,0x95f4bbbac25ca93692a61afee957ba1971dcc566,
0xfe8c1ac365ba6780aec5a985d989b327c27670a1-0x55f,60,2,Spellcaster,Common,1375,0xf6573a3576cabdd2f6b8886864fcfb748fbd5b93,10898.730276079144
0xfe8c1ac365ba6780aec5a985d989b327c27670a1-0x5624,20,2,Assassin,Common,22052,0x627d9676d261a2248567bf078e21720fcc3dc549,
0xfe8c1ac365ba6780aec5a985d989b327c27670a1-0x5625,20,2,Fighter,Common,22053,0x627d9676d261a2248567bf078e21720fcc3dc549,
0xfe8c1ac365ba6780aec5a985d989b327c27670a1-0x5627,20,2,Ranged,Common,22055,0x627d9676d261a2248567bf078e21720fcc3dc549,
0xfe8c1ac365ba6780aec5a985d989b327c27670a1-0x5628,20,2,Spellcaster,Common,22056,0x627d9676d261a2248567bf078e21720fcc3dc549,
0xfe8c1ac365ba6780aec5a985d989b327c27670a1-0x5635,10,2,Siege,Common,22069,0xc79c88386c95130bf7c20a184cb8281ed639fab4,
0xfe8c1ac365ba6780aec5a985d989b327c27670a1-0x5649,20,2,Fighter,Common,22089,0x4508205f7dd2129fd970df1bb29ff6b8eb1f148c,1500.0
0xfe8c1ac365ba6780aec5a985d989b327c27670a1-0x566d,20,2,Assassin,Common,22125,0xda3afa011e9dd20e6571ee70cb3d150b272ff9c0,
0xfe8c1ac365ba6780aec5a985d989b327c27670a1-0x56b5,10,2,Fighter,Uncommon,22197,0x51fab80a5296672dac1bb18e378d8dd81ed80d9a,
0xfe8c1ac365ba6780aec5a985d989b327c27670a1-0x56b9,20,2,Siege,Uncommon,22201,0x8bced9d03f4c3bc59a0bcf91933191285af67268,585000.0
0xfe8c1ac365ba6780aec5a985d989b327c27670a1-0x56fa,10,2,Assassin,Common,22266,0xb66208276563c538cdeb5cf37c815a14c915ac1f,
0xfe8c1ac365ba6780aec5a985d989b327c27670a1-0x570d,20,2,Assassin,Common,22285,0x03948243ab118759fbf5e1d25fa11a98b75ddbcf,
0xfe8c1ac365ba6780aec5a985d989b327c27670a1-0x570e,20,2,Siege,Common,22286,0x03948243ab118759fbf5e1d25fa11a98b75ddbcf,
0xfe8c1ac365ba6780aec5a985d989b327c27670a1-0x57b1,20,2,Assassin,Common,22449,0x064e2e9c7df51861ac4492551baf1fd6e3286074,6616.912428306356
0xfe8c1ac365ba6780aec5a985d989b327c27670a1-0x5845,20,2,Ranged,Common,22597,0x408b0903a56e6b7b19078f06a8f6caf88a8cc72b,
0xfe8c1ac365ba6780aec5a985d989b327c27670a1-0x5846,20,2,Assassin,Common,22598,0x408b0903a56e6b7b19078f06a8f6caf88a8cc72b,
0xfe8c1ac365ba6780aec5a985d989b327c27670a1-0x5855,20,2,Spellcaster,Common,22613,0x109b2d89b2b503a553bbc9c8755abf736de5f0de,90001.0
0xfe8c1ac365ba6780aec5a985d989b327c27670a1-0x5865,20,2,Assassin,Common,22629,0x9056ab0db92ba9fdedb1534cfc975e46a0579678,
0xfe8c1ac365ba6780aec5a985d989b327c27670a1-0x586d,10,2,Assassin,Common,22637,0x2edef13c52b0c2d057660da1d230d481bb074a60,
0xfe8c1ac365ba6780aec5a985d989b327c27670a1-0x58cf,20,2,Spellcaster,Common,22735,0xdbd296c51b1d32f5d8cc58cd6f8a5f70e6d92d33,
0xfe8c1ac365ba6780aec5a985d989b327c27670a1-0x58d0,20,2,Spellcaster,Common,22736,0xdbd296c51b1d32f5d8cc58cd6f8a5f70e6d92d33,
0xfe8c1ac365ba6780aec5a985d989b327c27670a1-0x58d3,20,2,Spellcaster,Common,22739,0xdbd296c51b1d32f5d8cc58cd6f8a5f70e6d92d33,
0xfe8c1ac365ba6780aec5a985d989b327c27670a1-0x58da,10,2,Spellcaster,Uncommon,22746,0xdbd296c51b1d32f5d8cc58cd6f8a5f70e6d92d33,
0xfe8c1ac365ba6780aec5a985d989b327c27670a1-0x58ee,10,2,Spellcaster,Common,22766,0xc9b378a35c6c2e9971f74b0a75662aa664b3f391,34518.57211231896
0xfe8c1ac365ba6780aec5a985d989b327c27670a1-0x5933,20,2,Assassin,Rare,22835,0x184b8165e747817551eac977cf93d7dd4cbe18c4,15000.0
0xfe8c1ac365ba6780aec5a985d989b327c27670a1-0x5940,10,2,Assassin,Common,22848,0x79bc6c1d8fc64214107949f0e5a2b1b4ce690b60,
0xfe8c1ac365ba6780aec5a985d989b327c27670a1-0x59c2,10,2,Assassin,Common,22978,0x52cd47933c3428e5ae8f442a47f904c390942dce,84868.7
0xfe8c1ac365ba6780aec5a985d989b327c27670a1-0x59cb,10,2,Fighter,Common,22987,0x3fe010b7356018bcbe4cd4f578ea7cab36756962,
0xfe8c1ac365ba6780aec5a985d989b327c27670a1-0x5a97,20,2,Ranged,Common,23191,0x8d77fe66ef7b1f61ea9f5c31c28d58c6661679ae,
0xfe8c1ac365ba6780aec5a985d989b327c27670a1-0x5ada,20,2,Ranged,Rare,23258,0x3a6bfe2b87b4b7d8ec76142d0ada23fce10b74b0,496110.97440623934
0xfe8c1ac365ba6780aec5a985d989b327c27670a1-0x5b30,10,2,Siege,Common,23344,0x2e3c2c418ac043ae1027a2f1bf8134e36cf6f94c,218.8121710298741
0xfe8c1ac365ba6780aec5a985d989b327c27670a1-0x5b37,10,2,Siege,Common,23351,0x4a60a51b200cfc0224645c515530dcb3effcb370,
0xfe8c1ac365ba6780aec5a985d989b327c27670a1-0x5b38,10,2,Assassin,Common,23352,0x4a60a51b200cfc0224645c515530dcb3effcb370,
0xfe8c1ac365ba6780aec5a985d989b327c27670a1-0x5c3d,10,2,Spellcaster,Common,23613,0x7114aa86e6ee374ad614c6b4dce8dbdb8555465d,99999.99999999999
