id,craftingXp,crafting,role,rarity,tokenId,ownerId,atlas_deposit_unlocking,balance
0xfe8c1ac365ba6780aec5a985d989b327c27670a1-0x1016,30,2,Spellcaster,Common,4118,0x9056ab0db92ba9fdedb1534cfc975e46a0579678,,0.0
0xfe8c1ac365ba6780aec5a985d989b327c27670a1-0x102,50,2,Ranged,Common,258,0x449d9bab5855d53864969defeeaf0148f7c104f2,211626.78978672595,0.0
0xfe8c1ac365ba6780aec5a985d989b327c27670a1-0x103,50,2,Ranged,Common,259,0x449d9bab5855d53864969defeeaf0148f7c104f2,211626.78978672595,0.0
0xfe8c1ac365ba6780aec5a985d989b327c27670a1-0x14a,10,2,Assassin,Common,330,0x85591bfabb18be044fa98d72f7093469c588483c,1000.0,0.0
0xfe8c1ac365ba6780aec5a985d989b327c27670a1-0x16d,30,2,Assassin,Common,365,0x4fdef02eb19f06cf2406cabad62383515419607e,,0.0
0xfe8c1ac365ba6780aec5a985d989b327c27670a1-0x1fa,30,2,Assassin,Common,506,0x8a14b7523cc6a17cc88043422cdc31cafc698735,10000.0,0.0
0xfe8c1ac365ba6780aec5a985d989b327c27670a1-0x23d,10,2,Spellcaster,Common,573,0xee7c6be1d0859ebf50ca73772cbbe85c774bbb88,,0.0
0xfe8c1ac365ba6780aec5a985d989b327c27670a1-0x258,20,2,Fighter,Common,600,0x28d97add070d26e55c5e4a5f863f1f5fee7621df,,0.0
0xfe8c1ac365ba6780aec5a985d989b327c27670a1-0x25ea,20,2,Assassin,Common,9706,0x11099ac9cc097d0c9759635b8e16c6a91ecc43da,,0.0
0xfe8c1ac365ba6780aec5a985d989b327c27670a1-0x2605,10,2,Assassin,Common,9733,0x4e4885c3d64ec6f3512e9693688340eee3157dbb,,0.0
0xfe8c1ac365ba6780aec5a985d989b327c27670a1-0x2610,50,2,Spellcaster,Common,9744,0x5426f039c05b65dba6ce6e775f1bc24cd057e51a,,0.0
0xfe8c1ac365ba6780aec5a985d989b327c27670a1-0x261e,50,2,Spellcaster,Common,9758,0x5cc15a41774830d9e6d6c7ddee6c6c957932caa1,70000.0,0.0
0xfe8c1ac365ba6780aec5a985d989b327c27670a1-0x2623,10,2,Siege,Rare,9763,0xaa0dee58a36b72c774317eb5f71afb2a04c85527,99999.99999999999,0.0
0xfe8c1ac365ba6780aec5a985d989b327c27670a1-0x2624,60,2,Siege,Common,9764,0xda3afa011e9dd20e6571ee70cb3d150b272ff9c0,,0.0
0xfe8c1ac365ba6780aec5a985d989b327c27670a1-0x2648,40,2,Siege,Uncommon,9800,0xbeb8fd4683595145189b8a2b6168a711b4d44fc6,3000.0,0.0
0xfe8c1ac365ba6780aec5a985d989b327c27670a1-0x266e,30,2,Assassin,Common,9838,0xf219904c26044db624b01ce7bee8bf98e64ec619,170000.0,0.0
0xfe8c1ac365ba6780aec5a985d989b327c27670a1-0x266f,40,2,Siege,Common,9839,0xf219904c26044db624b01ce7bee8bf98e64ec619,170000.0,0.0
0xfe8c1ac365ba6780aec5a985d989b327c27670a1-0x2670,50,2,Ranged,Common,9840,0xf219904c26044db624b01ce7bee8bf98e64ec619,170000.0,0.0
0xfe8c1ac365ba6780aec5a985d989b327c27670a1-0x2696,60,2,Spellcaster,Uncommon,9878,0x3a6bfe2b87b4b7d8ec76142d0ada23fce10b74b0,496110.97440623934,0.0
0xfe8c1ac365ba6780aec5a985d989b327c27670a1-0x2698,40,2,Spellcaster,Uncommon,9880,0x3a6bfe2b87b4b7d8ec76142d0ada23fce10b74b0,496110.97440623934,0.0
0xfe8c1ac365ba6780aec5a985d989b327c27670a1-0x26c2,50,2,Ranged,Uncommon,9922,0x8bced9d03f4c3bc59a0bcf91933191285af67268,510000.0,0.0
0xfe8c1ac365ba6780aec5a985d989b327c27670a1-0x26c4,60,2,Ranged,Rare,9924,0x8bced9d03f4c3bc59a0bcf91933191285af67268,510000.0,0.0
0xfe8c1ac365ba6780aec5a985d989b327c27670a1-0x26d7,60,2,Spellcaster,Common,9943,0x7114aa86e6ee374ad614c6b4dce8dbdb8555465d,99999.99999999999,0.0
0xfe8c1ac365ba6780aec5a985d989b327c27670a1-0x26d9,10,2,Ranged,Common,9945,0xc38da808d0865005312fe99387f5228881539e9f,,0.0
0xfe8c1ac365ba6780aec5a985d989b327c27670a1-0x2706,70,2,Spellcaster,Common,9990,0x8ff55b93a1ed400e8bc44dc0026459209700a704,,0.0
0xfe8c1ac365ba6780aec5a985d989b327c27670a1-0x2718,60,2,Assassin,Common,10008,0x5c620c6daa7f78921a643640e88350917a2972f1,30000.0,0.0
0xfe8c1ac365ba6780aec5a985d989b327c27670a1-0x2719,50,2,Siege,Common,10009,0x5c620c6daa7f78921a643640e88350917a2972f1,30000.0,0.0
0xfe8c1ac365ba6780aec5a985d989b327c27670a1-0x2722,40,2,Ranged,Common,10018,0x95ad72b8f2138df54bb9c1456b47504e40e201ff,,
0xfe8c1ac365ba6780aec5a985d989b327c27670a1-0x2723,40,2,Ranged,Common,10019,0x95ad72b8f2138df54bb9c1456b47504e40e201ff,,
0xfe8c1ac365ba6780aec5a985d989b327c27670a1-0x2725,30,2,Ranged,Common,10021,0x6f8973809b94030dd4c930fd1182e5d5dcdcf9f0,99999.99999999999,
0xfe8c1ac365ba6780aec5a985d989b327c27670a1-0x272f,70,2,Siege,Common,10031,0x1e38f19ec613cfcb06d23fd71d01c9dc1feba45e,1500.0,
0xfe8c1ac365ba6780aec5a985d989b327c27670a1-0x273e,50,2,Ranged,Common,10046,0x668e961736454a2444adb485340cb7f0844ddd3d,,
0xfe8c1ac365ba6780aec5a985d989b327c27670a1-0x2743,50,2,Spellcaster,Common,10051,0xd77a8cde26afb5b711f0e25c23a48562d5259bf3,62709.032493826424,
0xfe8c1ac365ba6780aec5a985d989b327c27670a1-0x274f,40,2,Spellcaster,Rare,10063,0x52cd47933c3428e5ae8f442a47f904c390942dce,76000.0,
0xfe8c1ac365ba6780aec5a985d989b327c27670a1-0x275e,70,2,Fighter,Common,10078,0x8ff55b93a1ed400e8bc44dc0026459209700a704,,0.0
0xfe8c1ac365ba6780aec5a985d989b327c27670a1-0x275f,70,2,Ranged,Common,10079,0x8ff55b93a1ed400e8bc44dc0026459209700a704,,0.0
0xfe8c1ac365ba6780aec5a985d989b327c27670a1-0x277d,20,2,Siege,Rare,10109,0xf6818a153a9950c1da39bb1eadfb7437f7329ad4,,
0xfe8c1ac365ba6780aec5a985d989b327c27670a1-0x2788,30,2,Siege,Common,10120,0x95ad72b8f2138df54bb9c1456b47504e40e201ff,,
0xfe8c1ac365ba6780aec5a985d989b327c27670a1-0x279d,50,2,Ranged,Common,10141,0x72959497201a7e931d8460dfa28935ca8db2a91d,,
0xfe8c1ac365ba6780aec5a985d989b327c27670a1-0x279e,30,2,Fighter,Common,10142,0x72959497201a7e931d8460dfa28935ca8db2a91d,,
0xfe8c1ac365ba6780aec5a985d989b327c27670a1-0x27a1,40,2,Fighter,Common,10145,0x658cd0c3d10179763f5cdafaab558bd7b6f40a7f,,
0xfe8c1ac365ba6780aec5a985d989b327c27670a1-0x27a4,20,2,Fighter,Common,10148,0xf6818a153a9950c1da39bb1eadfb7437f7329ad4,,
0xfe8c1ac365ba6780aec5a985d989b327c27670a1-0x27b2,30,2,Assassin,Common,10162,0x1ce33afd0e70ad410a74e855dd9871f2b31f3eee,,
0xfe8c1ac365ba6780aec5a985d989b327c27670a1-0x27c4,30,2,Fighter,Common,10180,0x95ad72b8f2138df54bb9c1456b47504e40e201ff,,
0xfe8c1ac365ba6780aec5a985d989b327c27670a1-0x27e1,20,2,Siege,Rare,10209,0xd25eb9811fd774f7480ea21e3e3a6f692e39db94,,
0xfe8c1ac365ba6780aec5a985d989b327c27670a1-0x27ec,60,2,Assassin,Uncommon,10220,0xe3cadc86b296e57c55dcb7c9e90936e7517237b3,,
0xfe8c1ac365ba6780aec5a985d989b327c27670a1-0x281,30,2,Ranged,Common,641,0x5cc15a41774830d9e6d6c7ddee6c6c957932caa1,70000.0,0.0
0xfe8c1ac365ba6780aec5a985d989b327c27670a1-0x2829,60,2,Ranged,Uncommon,10281,0xcce853ecb829d914d119724761e3deb6ad982047,,
0xfe8c1ac365ba6780aec5a985d989b327c27670a1-0x2836,40,2,Spellcaster,Common,10294,0x038a2c957a470373ea4ecf91493bcbf2b4a2ec93,,
0xfe8c1ac365ba6780aec5a985d989b327c27670a1-0x2837,40,2,Assassin,Common,10295,0x038a2c957a470373ea4ecf91493bcbf2b4a2ec93,,
0xfe8c1ac365ba6780aec5a985d989b327c27670a1-0x2838,50,2,Assassin,Common,10296,0x038a2c957a470373ea4ecf91493bcbf2b4a2ec93,,
0xfe8c1ac365ba6780aec5a985d989b327c27670a1-0x283a,50,2,Fighter,Common,10298,0x038a2c957a470373ea4ecf91493bcbf2b4a2ec93,,
0xfe8c1ac365ba6780aec5a985d989b327c27670a1-0x289a,50,2,Ranged,Uncommon,10394,0xe11d6fe5918820a53c7ab7c4c37183ab29a4b103,100000.0,
0xfe8c1ac365ba6780aec5a985d989b327c27670a1-0x28b8,50,2,Ranged,Common,10424,0x40a0b8744d79ed24738f4a08f02a9dff467c5c96,,
0xfe8c1ac365ba6780aec5a985d989b327c27670a1-0x28b9,30,2,Spellcaster,Rare,10425,0xaa0dee58a36b72c774317eb5f71afb2a04c85527,99999.99999999999,0.0
0xfe8c1ac365ba6780aec5a985d989b327c27670a1-0x28de,60,2,Spellcaster,Common,10462,0x408b0903a56e6b7b19078f06a8f6caf88a8cc72b,,
0xfe8c1ac365ba6780aec5a985d989b327c27670a1-0x28df,60,2,Ranged,Common,10463,0x408b0903a56e6b7b19078f06a8f6caf88a8cc72b,,
0xfe8c1ac365ba6780aec5a985d989b327c27670a1-0x28f2,10,2,Siege,Common,10482,0x1297ad486549a430d59d9d5f99ed7c216b6e77dd,230000.0,
0xfe8c1ac365ba6780aec5a985d989b327c27670a1-0x2906,50,2,Fighter,Common,10502,0x5ad714d3d477d80cce0a2bd63a178119a72715e0,,
0xfe8c1ac365ba6780aec5a985d989b327c27670a1-0x2911,20,2,Ranged,Uncommon,10513,0xd7ce367fa0e74f11ae934939712ff2e3d634b5e7,660523.0,
0xfe8c1ac365ba6780aec5a985d989b327c27670a1-0x291e,50,2,Siege,Common,10526,0x109b2d89b2b503a553bbc9c8755abf736de5f0de,90001.0,
0xfe8c1ac365ba6780aec5a985d989b327c27670a1-0x2924,40,2,Ranged,Common,10532,0x154c08be7f1a96f0a71c467745065691baa36d45,,
0xfe8c1ac365ba6780aec5a985d989b327c27670a1-0x2925,40,2,Spellcaster,Common,10533,0xf5c2fdde417e51c63a0ec0875f9bce27b439d8dc,,
0xfe8c1ac365ba6780aec5a985d989b327c27670a1-0x292b,10,2,Siege,Common,10539,0x95f4bbbac25ca93692a61afee957ba1971dcc566,,
0xfe8c1ac365ba6780aec5a985d989b327c27670a1-0x292c,10,2,Ranged,Common,10540,0x95f4bbbac25ca93692a61afee957ba1971dcc566,,
0xfe8c1ac365ba6780aec5a985d989b327c27670a1-0x2938,60,2,Fighter,Common,10552,0x759c5f293edc487aa02186f0099864ebc53191c1,0.1,
0xfe8c1ac365ba6780aec5a985d989b327c27670a1-0x296b,50,2,Assassin,Uncommon,10603,0x8404efa98a4e129855c200fc4e90c257078d9ed3,,
0xfe8c1ac365ba6780aec5a985d989b327c27670a1-0x2971,20,2,Spellcaster,Common,10609,0x95f4bbbac25ca93692a61afee957ba1971dcc566,,
0xfe8c1ac365ba6780aec5a985d989b327c27670a1-0x297,10,2,Ranged,Common,663,0x11099ac9cc097d0c9759635b8e16c6a91ecc43da,,0.0
0xfe8c1ac365ba6780aec5a985d989b327c27670a1-0x2997,10,2,Fighter,Common,10647,0x95f4bbbac25ca93692a61afee957ba1971dcc566,,
0xfe8c1ac365ba6780aec5a985d989b327c27670a1-0x29a9,40,2,Assassin,Uncommon,10665,0x309bcc55fe9cca749cff42eb94a846823d27bce6,,
0xfe8c1ac365ba6780aec5a985d989b327c27670a1-0x29aa,20,2,Spellcaster,Rare,10666,0x309bcc55fe9cca749cff42eb94a846823d27bce6,,
0xfe8c1ac365ba6780aec5a985d989b327c27670a1-0x29b2,40,2,Assassin,Uncommon,10674,0x90b7f8eb3e7690ad5b093ef92ad4055f2b61e693,,
0xfe8c1ac365ba6780aec5a985d989b327c27670a1-0x29c4,50,2,Assassin,Common,10692,0xc049085709fc6581152c1e1edeea53fae58fede1,,
0xfe8c1ac365ba6780aec5a985d989b327c27670a1-0x29c5,30,2,Ranged,Common,10693,0x63095ce68ae2f6dc0a3e068d97f2d392c51ebd06,,
0xfe8c1ac365ba6780aec5a985d989b327c27670a1-0x29d8,40,2,Ranged,Common,10712,0x2b5321c1afddfb6680aafff4df96a209e18dea1c,60000.0,
0xfe8c1ac365ba6780aec5a985d989b327c27670a1-0x29d9,30,2,Siege,Common,10713,0x2b5321c1afddfb6680aafff4df96a209e18dea1c,60000.0,
0xfe8c1ac365ba6780aec5a985d989b327c27670a1-0x29da,30,2,Spellcaster,Common,10714,0x2b5321c1afddfb6680aafff4df96a209e18dea1c,60000.0,
0xfe8c1ac365ba6780aec5a985d989b327c27670a1-0x29e2,10,2,Fighter,Common,10722,0x6c70e5fc4e4926cd836a6f8b0645aa1a077fa605,,
0xfe8c1ac365ba6780aec5a985d989b327c27670a1-0x29f0,30,2,Assassin,Common,10736,0x30a39fcd4d538b3434ea0d2877292cc0f45a79cf,131000.0,
0xfe8c1ac365ba6780aec5a985d989b327c27670a1-0x29f6,40,2,Siege,Rare,10742,0x734740c70db02f5710207f1d12df47c710665206,,
0xfe8c1ac365ba6780aec5a985d989b327c27670a1-0x29fe,60,2,Siege,Common,10750,0xac75cdc34283406b050cadf4ea5902a9310b138e,139000.0,
0xfe8c1ac365ba6780aec5a985d989b327c27670a1-0x29ff,50,2,Ranged,Common,10751,0xac75cdc34283406b050cadf4ea5902a9310b138e,139000.0,
0xfe8c1ac365ba6780aec5a985d989b327c27670a1-0x2a00,30,2,Spellcaster,Common,10752,0xac75cdc34283406b050cadf4ea5902a9310b138e,139000.0,
0xfe8c1ac365ba6780aec5a985d989b327c27670a1-0x2a0b,40,2,Spellcaster,Common,10763,0xda3afa011e9dd20e6571ee70cb3d150b272ff9c0,,0.0
0xfe8c1ac365ba6780aec5a985d989b327c27670a1-0x2a16,40,2,Fighter,Common,10774,0xbaa32149f2e8e4813c604deacee48e381cecb937,,
0xfe8c1ac365ba6780aec5a985d989b327c27670a1-0x2a2f,20,2,Ranged,Common,10799,0x154c08be7f1a96f0a71c467745065691baa36d45,,
0xfe8c1ac365ba6780aec5a985d989b327c27670a1-0x2a30,20,2,Siege,Common,10800,0x154c08be7f1a96f0a71c467745065691baa36d45,,
0xfe8c1ac365ba6780aec5a985d989b327c27670a1-0x2a62,50,2,Ranged,Common,10850,0xf2fb34c4323f9bf4a5c04fe277f96588dde5316f,3000.0,
0xfe8c1ac365ba6780aec5a985d989b327c27670a1-0x2a74,50,2,Ranged,Common,10868,0x91db3d20b0873d939a1b02fa76532b2134f1e6fe,26000.0,
0xfe8c1ac365ba6780aec5a985d989b327c27670a1-0x2a8d,20,2,Siege,Common,10893,0x6f8973809b94030dd4c930fd1182e5d5dcdcf9f0,99999.99999999999,
0xfe8c1ac365ba6780aec5a985d989b327c27670a1-0x2a98,40,2,Siege,Uncommon,10904,0xb7176c03739ec10c4ec8e21a64ad64b228b8a5f2,500.0,
0xfe8c1ac365ba6780aec5a985d989b327c27670a1-0x2a9c,70,2,Fighter,Common,10908,0xb3c0bc50b421ba2106b8d358d9cbe13efc096418,,
0xfe8c1ac365ba6780aec5a985d989b327c27670a1-0x2ae0,10,2,Fighter,Common,10976,0x6c70e5fc4e4926cd836a6f8b0645aa1a077fa605,,
0xfe8c1ac365ba6780aec5a985d989b327c27670a1-0x2b19,20,2,Siege,Uncommon,11033,0x3727220a0062dc00c08cc53186ca2d1cd3babe2f,30000.0,
0xfe8c1ac365ba6780aec5a985d989b327c27670a1-0x2b1,10,2,Assassin,Common,689,0x1d40e7a48751f3379284c24b2d2eca3e40e00d4f,,
0xfe8c1ac365ba6780aec5a985d989b327c27670a1-0x2b51,50,2,Fighter,Common,11089,0x5b1c563899a4d2038066b6139132abaedf66ac7f,,
0xfe8c1ac365ba6780aec5a985d989b327c27670a1-0x2b5d,30,2,Ranged,Common,11101,0xc9b378a35c6c2e9971f74b0a75662aa664b3f391,34518.57211231896,
0xfe8c1ac365ba6780aec5a985d989b327c27670a1-0x2b5f,40,2,Ranged,Common,11103,0xc9b378a35c6c2e9971f74b0a75662aa664b3f391,34518.57211231896,
0xfe8c1ac365ba6780aec5a985d989b327c27670a1-0x2b60,50,2,Fighter,Common,11104,0xc9b378a35c6c2e9971f74b0a75662aa664b3f391,34518.57211231896,
0xfe8c1ac365ba6780aec5a985d989b327c27670a1-0x2b96,30,2,Ranged,Common,11158,0x5d082946dadda4ac0259c4eed8dac62de97078fa,,
0xfe8c1ac365ba6780aec5a985d989b327c27670a1-0x2b98,40,2,Siege,Common,11160,0x5d082946dadda4ac0259c4eed8dac62de97078fa,,
0xfe8c1ac365ba6780aec5a985d989b327c27670a1-0x2b9,20,2,Siege,Common,697,0x1d40e7a48751f3379284c24b2d2eca3e40e00d4f,,
0xfe8c1ac365ba6780aec5a985d989b327c27670a1-0x2bd1,20,2,Siege,Rare,11217,0x473bbc06d7fdb7713d1ed334f8d8096cad6ec3f3,,
0xfe8c1ac365ba6780aec5a985d989b327c27670a1-0x2bdb,60,2,Siege,Common,11227,0x75e55dd9914870a415532c2bb5b969d5a3437841,25089.57353070407,
0xfe8c1ac365ba6780aec5a985d989b327c27670a1-0x2c23,30,2,Spellcaster,Common,11299,0xd30eb4f27acac4d903a92a12a29f3fe758a6849c,,
0xfe8c1ac365ba6780aec5a985d989b327c27670a1-0x2c26,40,2,Ranged,Uncommon,11302,0xd30eb4f27acac4d903a92a12a29f3fe758a6849c,,
0xfe8c1ac365ba6780aec5a985d989b327c27670a1-0x2c2,40,2,Fighter,Common,706,0xc7b169b108c5e75991c520aea97140534291c81d,,
0xfe8c1ac365ba6780aec5a985d989b327c27670a1-0x2c66,70,2,Fighter,Common,11366,0x0dc7fc49f79b310b3ea8919ea15429d35c565d11,,
0xfe8c1ac365ba6780aec5a985d989b327c27670a1-0x2c67,60,2,Assassin,Common,11367,0x5426f039c05b65dba6ce6e775f1bc24cd057e51a,,0.0
0xfe8c1ac365ba6780aec5a985d989b327c27670a1-0x2c8f,40,2,Assassin,Uncommon,11407,0x8792f37ed02088f58f3eef6a56acd9ccd444ea79,,
0xfe8c1ac365ba6780aec5a985d989b327c27670a1-0x2c94,60,2,Fighter,Common,11412,0x962edd731279dbbb2c7092ad28655f845fd02b18,,
0xfe8c1ac365ba6780aec5a985d989b327c27670a1-0x2cca,50,2,Spellcaster,Rare,11466,0x0457bdd7d70c82f4cb1c850bd49064a544630978,,
0xfe8c1ac365ba6780aec5a985d989b327c27670a1-0x2cda,30,2,Assassin,Common,11482,0xaf749ca22395604e4d064c35e2caa27ba96b1b55,8000.0,
0xfe8c1ac365ba6780aec5a985d989b327c27670a1-0x2cd,50,2,Spellcaster,Common,717,0x745b8e12698b852f067a5edc661adcab0a049428,,
0xfe8c1ac365ba6780aec5a985d989b327c27670a1-0x2d23,30,2,Spellcaster,Common,11555,0x5453128d30bb094f8f067116db29b64dc3e67a43,1000.0,
0xfe8c1ac365ba6780aec5a985d989b327c27670a1-0x2d68,10,2,Spellcaster,Common,11624,0x1d18a0fdff04c4c462b42bccac22c1df1f5595fb,,
0xfe8c1ac365ba6780aec5a985d989b327c27670a1-0x2d88,30,2,Assassin,Common,11656,0xe5bc0291f77a4fc56f96cf3fd6494ffb1cbf2014,149999.99999999997,
0xfe8c1ac365ba6780aec5a985d989b327c27670a1-0x2d9c,40,2,Siege,Common,11676,0x3208954669aa12e1bfeced8ac7d2e6673cc4eef1,,
0xfe8c1ac365ba6780aec5a985d989b327c27670a1-0x2da0,50,2,Siege,Common,11680,0xbaa32149f2e8e4813c604deacee48e381cecb937,,
0xfe8c1ac365ba6780aec5a985d989b327c27670a1-0x2de4,20,2,Siege,Common,11748,0x154c08be7f1a96f0a71c467745065691baa36d45,,
0xfe8c1ac365ba6780aec5a985d989b327c27670a1-0x2dfa,20,2,Siege,Uncommon,11770,0xdd72527cd9265013952ad33825b35ab66e93bf3b,,
0xfe8c1ac365ba6780aec5a985d989b327c27670a1-0x2e33,20,2,Siege,Common,11827,0xe5bc0291f77a4fc56f96cf3fd6494ffb1cbf2014,149999.99999999997,
0xfe8c1ac365ba6780aec5a985d989b327c27670a1-0x2edc,10,2,Spellcaster,Common,11996,0xf11648b0ac91e0e9f7d1fc17e2c1de911f7df93d,2500.0,
0xfe8c1ac365ba6780aec5a985d989b327c27670a1-0x2ee3,50,2,Siege,Common,12003,0x5c620c6daa7f78921a643640e88350917a2972f1,30000.0,0.0
0xfe8c1ac365ba6780aec5a985d989b327c27670a1-0x2fbb,30,2,Assassin,Common,12219,0x2b5321c1afddfb6680aafff4df96a209e18dea1c,60000.0,
0xfe8c1ac365ba6780aec5a985d989b327c27670a1-0x307e,60,2,Fighter,Common,12414,0xf6174f219d468b420af8787a979b7b81bc69d136,10000.0,
0xfe8c1ac365ba6780aec5a985d989b327c27670a1-0x30ae,50,2,Siege,Common,12462,0xf3c9ad2f3bd897d12b0fab2d53b1dd62cb8f9d6e,80000.0,
0xfe8c1ac365ba6780aec5a985d989b327c27670a1-0x30d0,20,2,Spellcaster,Common,12496,0xde33e58f056ff0f23be3ef83ab6e1e0bec95506f,15.53557835007082,
0xfe8c1ac365ba6780aec5a985d989b327c27670a1-0x3195,40,2,Fighter,Common,12693,0x5cc15a41774830d9e6d6c7ddee6c6c957932caa1,70000.0,0.0
0xfe8c1ac365ba6780aec5a985d989b327c27670a1-0x3196,10,2,Fighter,Common,12694,0x1fb7d3c3af2b994731798f00d19c9df7540d3c3b,,
0xfe8c1ac365ba6780aec5a985d989b327c27670a1-0x31bc,30,2,Siege,Common,12732,0x309bcc55fe9cca749cff42eb94a846823d27bce6,,
0xfe8c1ac365ba6780aec5a985d989b327c27670a1-0x31be,40,2,Spellcaster,Common,12734,0x309bcc55fe9cca749cff42eb94a846823d27bce6,,
0xfe8c1ac365ba6780aec5a985d989b327c27670a1-0x31bf,40,2,Spellcaster,Common,12735,0x309bcc55fe9cca749cff42eb94a846823d27bce6,,
0xfe8c1ac365ba6780aec5a985d989b327c27670a1-0x3210,50,2,Siege,Common,12816,0x2b5321c1afddfb6680aafff4df96a209e18dea1c,60000.0,
0xfe8c1ac365ba6780aec5a985d989b327c27670a1-0x3211,50,2,Fighter,Common,12817,0x2b5321c1afddfb6680aafff4df96a209e18dea1c,60000.0,
0xfe8c1ac365ba6780aec5a985d989b327c27670a1-0x3212,50,2,Assassin,Common,12818,0x2b5321c1afddfb6680aafff4df96a209e18dea1c,60000.0,
0xfe8c1ac365ba6780aec5a985d989b327c27670a1-0x3213,50,2,Fighter,Common,12819,0x2b5321c1afddfb6680aafff4df96a209e18dea1c,60000.0,
0xfe8c1ac365ba6780aec5a985d989b327c27670a1-0x3214,30,2,Spellcaster,Common,12820,0x2b5321c1afddfb6680aafff4df96a209e18dea1c,60000.0,
0xfe8c1ac365ba6780aec5a985d989b327c27670a1-0x3247,70,2,Ranged,Uncommon,12871,0x51fab80a5296672dac1bb18e378d8dd81ed80d9a,,
0xfe8c1ac365ba6780aec5a985d989b327c27670a1-0x326d,20,2,Ranged,Common,12909,0x962edd731279dbbb2c7092ad28655f845fd02b18,,
0xfe8c1ac365ba6780aec5a985d989b327c27670a1-0x327f,60,2,Fighter,Common,12927,0xf6573a3576cabdd2f6b8886864fcfb748fbd5b93,10898.730276079144,
0xfe8c1ac365ba6780aec5a985d989b327c27670a1-0x332b,60,2,Fighter,Common,13099,0x2b5321c1afddfb6680aafff4df96a209e18dea1c,60000.0,
0xfe8c1ac365ba6780aec5a985d989b327c27670a1-0x332f,60,2,Siege,Common,13103,0x92e40c3ac7f668631b508cee97002b64415af8b2,,
0xfe8c1ac365ba6780aec5a985d989b327c27670a1-0x33e4,60,2,Siege,Common,13284,0xdbd296c51b1d32f5d8cc58cd6f8a5f70e6d92d33,,
0xfe8c1ac365ba6780aec5a985d989b327c27670a1-0x3412,40,2,Ranged,Common,13330,0xc049085709fc6581152c1e1edeea53fae58fede1,,
0xfe8c1ac365ba6780aec5a985d989b327c27670a1-0x34ad,50,2,Assassin,Common,13485,0x2b5321c1afddfb6680aafff4df96a209e18dea1c,60000.0,
0xfe8c1ac365ba6780aec5a985d989b327c27670a1-0x34ae,60,2,Siege,Common,13486,0x2b5321c1afddfb6680aafff4df96a209e18dea1c,60000.0,
0xfe8c1ac365ba6780aec5a985d989b327c27670a1-0x34b0,20,2,Fighter,Common,13488,0x82cb2e8852de03a89298473f0d662fba8db0971f,,
0xfe8c1ac365ba6780aec5a985d989b327c27670a1-0x34db,10,2,Assassin,Common,13531,0xdc0a486efaa04e033da5ebd6f5caf3d924f3a159,,
0xfe8c1ac365ba6780aec5a985d989b327c27670a1-0x3548,10,2,Spellcaster,Common,13640,0x6c70e5fc4e4926cd836a6f8b0645aa1a077fa605,,
0xfe8c1ac365ba6780aec5a985d989b327c27670a1-0x354f,40,2,Siege,Common,13647,0x1645b30527d8be0385da21a96ea6c5fc1bf1825a,44800.0,
0xfe8c1ac365ba6780aec5a985d989b327c27670a1-0x3550,40,2,Siege,Common,13648,0x1645b30527d8be0385da21a96ea6c5fc1bf1825a,44800.0,
0xfe8c1ac365ba6780aec5a985d989b327c27670a1-0x35e1,30,2,Ranged,Common,13793,0x2b5321c1afddfb6680aafff4df96a209e18dea1c,60000.0,
0xfe8c1ac365ba6780aec5a985d989b327c27670a1-0x35fd,40,2,Fighter,Common,13821,0x61ccf1ad4ae3964eea9cc776552daae3397ab264,,
0xfe8c1ac365ba6780aec5a985d989b327c27670a1-0x35fe,50,2,Spellcaster,Common,13822,0x5801fdaee2cb29b185122582bca6e796bfe47dd5,,
0xfe8c1ac365ba6780aec5a985d989b327c27670a1-0x371e,40,2,Assassin,Common,14110,0xf3c9ad2f3bd897d12b0fab2d53b1dd62cb8f9d6e,80000.0,
0xfe8c1ac365ba6780aec5a985d989b327c27670a1-0x3811,20,2,Fighter,Common,14353,0x408b0903a56e6b7b19078f06a8f6caf88a8cc72b,,
0xfe8c1ac365ba6780aec5a985d989b327c27670a1-0x3953,10,2,Fighter,Common,14675,0xc38da808d0865005312fe99387f5228881539e9f,,0.0
0xfe8c1ac365ba6780aec5a985d989b327c27670a1-0x3982,40,2,Assassin,Common,14722,0x66b333423409d3ae4008d6fcc84aadaa8d31a0c1,87144.0,
0xfe8c1ac365ba6780aec5a985d989b327c27670a1-0x3a3a,20,2,Assassin,Common,14906,0x5774c601c1d485590949b99d386705164f31a953,,
0xfe8c1ac365ba6780aec5a985d989b327c27670a1-0x3af9,60,2,Fighter,Uncommon,15097,0x3a6bfe2b87b4b7d8ec76142d0ada23fce10b74b0,496110.97440623934,0.0
0xfe8c1ac365ba6780aec5a985d989b327c27670a1-0x3b86,10,2,Assassin,Common,15238,0x6c70e5fc4e4926cd836a6f8b0645aa1a077fa605,,
0xfe8c1ac365ba6780aec5a985d989b327c27670a1-0x3c3b,20,2,Fighter,Common,15419,0xa3a3b69a3c76308a867b47d3d60d8ee8213366b5,,
0xfe8c1ac365ba6780aec5a985d989b327c27670a1-0x3c96,30,2,Assassin,Common,15510,0x92e40c3ac7f668631b508cee97002b64415af8b2,,
0xfe8c1ac365ba6780aec5a985d989b327c27670a1-0x3ca1,30,2,Assassin,Common,15521,0x43d37c0f1e0e6124c1d4485dcaffb02b5b3fd195,,
0xfe8c1ac365ba6780aec5a985d989b327c27670a1-0x3cb6,20,2,Ranged,Uncommon,15542,0x154c08be7f1a96f0a71c467745065691baa36d45,,
0xfe8c1ac365ba6780aec5a985d989b327c27670a1-0x3cb,50,2,Assassin,Common,971,0x670cb798a46097da6424cea8e6adeaf4bd7fc024,40000.0,
0xfe8c1ac365ba6780aec5a985d989b327c27670a1-0x3cc,30,2,Fighter,Common,972,0x670cb798a46097da6424cea8e6adeaf4bd7fc024,40000.0,
0xfe8c1ac365ba6780aec5a985d989b327c27670a1-0x3d7e,30,2,Spellcaster,Common,15742,0x670cb798a46097da6424cea8e6adeaf4bd7fc024,40000.0,
0xfe8c1ac365ba6780aec5a985d989b327c27670a1-0x3ea0,30,2,Assassin,Common,16032,0x9de7b7ce0d4783209957d0253769bd54934b7a13,,
0xfe8c1ac365ba6780aec5a985d989b327c27670a1-0x3ea1,40,2,Spellcaster,Common,16033,0x9de7b7ce0d4783209957d0253769bd54934b7a13,,
0xfe8c1ac365ba6780aec5a985d989b327c27670a1-0x3eb6,20,2,Fighter,Common,16054,0xe7436afad54fec84a67be7866ad21f4fb0d3efc6,,
0xfe8c1ac365ba6780aec5a985d989b327c27670a1-0x3eb7,10,2,Assassin,Uncommon,16055,0xe7436afad54fec84a67be7866ad21f4fb0d3efc6,,
0xfe8c1ac365ba6780aec5a985d989b327c27670a1-0x3ecc,20,2,Spellcaster,Common,16076,0x1645b30527d8be0385da21a96ea6c5fc1bf1825a,44800.0,
0xfe8c1ac365ba6780aec5a985d989b327c27670a1-0x3eda,10,2,Siege,Common,16090,0x1d5522626729349812a71d812d14af8af1f7aa26,,
0xfe8c1ac365ba6780aec5a985d989b327c27670a1-0x3ee9,20,2,Ranged,Common,16105,0xd7ce367fa0e74f11ae934939712ff2e3d634b5e7,660523.0,
0xfe8c1ac365ba6780aec5a985d989b327c27670a1-0x3eea,40,2,Spellcaster,Common,16106,0xd7ce367fa0e74f11ae934939712ff2e3d634b5e7,660523.0,
0xfe8c1ac365ba6780aec5a985d989b327c27670a1-0x3eeb,40,2,Fighter,Common,16107,0xd7ce367fa0e74f11ae934939712ff2e3d634b5e7,660523.0,
0xfe8c1ac365ba6780aec5a985d989b327c27670a1-0x3f11,40,2,Spellcaster,Common,16145,0x4508205f7dd2129fd970df1bb29ff6b8eb1f148c,1500.0,
0xfe8c1ac365ba6780aec5a985d989b327c27670a1-0x3f13,20,2,Ranged,Common,16147,0xd7ce367fa0e74f11ae934939712ff2e3d634b5e7,660523.0,
0xfe8c1ac365ba6780aec5a985d989b327c27670a1-0x3f14,30,2,Spellcaster,Common,16148,0xd7ce367fa0e74f11ae934939712ff2e3d634b5e7,660523.0,
0xfe8c1ac365ba6780aec5a985d989b327c27670a1-0x3f15,30,2,Spellcaster,Common,16149,0x97735db6fbbc87eb32ac63b28510ab5da2829a52,20000.0,
0xfe8c1ac365ba6780aec5a985d989b327c27670a1-0x3f1a,10,2,Assassin,Uncommon,16154,0xead2b8ee2a2d0c5e99f7808d37f2ee57877ad2de,,
0xfe8c1ac365ba6780aec5a985d989b327c27670a1-0x3f1e,20,2,Assassin,Common,16158,0x8bced9d03f4c3bc59a0bcf91933191285af67268,510000.0,0.0
0xfe8c1ac365ba6780aec5a985d989b327c27670a1-0x3f23,30,2,Spellcaster,Uncommon,16163,0x8bced9d03f4c3bc59a0bcf91933191285af67268,510000.0,0.0
0xfe8c1ac365ba6780aec5a985d989b327c27670a1-0x3f24,20,2,Siege,Common,16164,0x8bced9d03f4c3bc59a0bcf91933191285af67268,510000.0,0.0
0xfe8c1ac365ba6780aec5a985d989b327c27670a1-0x3f25,30,2,Spellcaster,Common,16165,0x8bced9d03f4c3bc59a0bcf91933191285af67268,510000.0,0.0
0xfe8c1ac365ba6780aec5a985d989b327c27670a1-0x3f5f,20,2,Fighter,Common,16223,0x97e009cb2553b9d753ee9e08acff8f32903edd28,,
0xfe8c1ac365ba6780aec5a985d989b327c27670a1-0x3f6d,10,2,Assassin,Common,16237,0x832f7b8fa10ef43c5398e270476d469949aad377,,
0xfe8c1ac365ba6780aec5a985d989b327c27670a1-0x3f79,20,2,Siege,Common,16249,0x52cd47933c3428e5ae8f442a47f904c390942dce,76000.0,
0xfe8c1ac365ba6780aec5a985d989b327c27670a1-0x3f7c,40,2,Spellcaster,Uncommon,16252,0xdf0460cbd0d1219785b07f1e19be8a07d7a0db8c,,
0xfe8c1ac365ba6780aec5a985d989b327c27670a1-0x3f7d,20,2,Spellcaster,Common,16253,0xdf0460cbd0d1219785b07f1e19be8a07d7a0db8c,,
0xfe8c1ac365ba6780aec5a985d989b327c27670a1-0x3f8d,30,2,Ranged,Common,16269,0xd4c5211966074126b8f932596a26a34e5ae31d45,70000.0,
0xfe8c1ac365ba6780aec5a985d989b327c27670a1-0x3f8e,20,2,Fighter,Common,16270,0xd4c5211966074126b8f932596a26a34e5ae31d45,70000.0,
0xfe8c1ac365ba6780aec5a985d989b327c27670a1-0x3fbc,30,2,Spellcaster,Common,16316,0x79bc6c1d8fc64214107949f0e5a2b1b4ce690b60,,
0xfe8c1ac365ba6780aec5a985d989b327c27670a1-0x3fc1,30,2,Ranged,Uncommon,16321,0xf681efdcba35c69dc0fe56b7fdb56324f5abd385,,
0xfe8c1ac365ba6780aec5a985d989b327c27670a1-0x3fc8,10,2,Siege,Common,16328,0x668e961736454a2444adb485340cb7f0844ddd3d,,
0xfe8c1ac365ba6780aec5a985d989b327c27670a1-0x3fde,20,2,Fighter,Common,16350,0xa4312263100b1bc63d0108171c2ffd7854ef7ad1,49999.99999999999,
0xfe8c1ac365ba6780aec5a985d989b327c27670a1-0x3,50,2,Fighter,Common,3,0x032f84aeff59ddebc55797f321624826d873bf65,,
0xfe8c1ac365ba6780aec5a985d989b327c27670a1-0x4009,40,2,Spellcaster,Common,16393,0xf6174f219d468b420af8787a979b7b81bc69d136,10000.0,
0xfe8c1ac365ba6780aec5a985d989b327c27670a1-0x403e,30,2,Fighter,Common,16446,0xf6174f219d468b420af8787a979b7b81bc69d136,10000.0,
0xfe8c1ac365ba6780aec5a985d989b327c27670a1-0x407e,20,2,Assassin,Common,16510,0x064e2e9c7df51861ac4492551baf1fd6e3286074,4010.0,
0xfe8c1ac365ba6780aec5a985d989b327c27670a1-0x4089,10,2,Spellcaster,Common,16521,0x0b85a2746216ab3b664c70dfb9ba9127c2f0fee5,,
0xfe8c1ac365ba6780aec5a985d989b327c27670a1-0x409b,20,2,Fighter,Uncommon,16539,0x734740c70db02f5710207f1d12df47c710665206,,
0xfe8c1ac365ba6780aec5a985d989b327c27670a1-0x40ab,20,2,Ranged,Common,16555,0x30a39fcd4d538b3434ea0d2877292cc0f45a79cf,131000.0,
0xfe8c1ac365ba6780aec5a985d989b327c27670a1-0x40ce,10,2,Ranged,Common,16590,0x6fbfed625112b8587b3009453329f31250c80e63,,
0xfe8c1ac365ba6780aec5a985d989b327c27670a1-0x40d9,30,2,Spellcaster,Common,16601,0xdbd296c51b1d32f5d8cc58cd6f8a5f70e6d92d33,,
0xfe8c1ac365ba6780aec5a985d989b327c27670a1-0x40da,30,2,Spellcaster,Common,16602,0xdbd296c51b1d32f5d8cc58cd6f8a5f70e6d92d33,,
0xfe8c1ac365ba6780aec5a985d989b327c27670a1-0x413e,20,2,Spellcaster,Common,16702,0x309bcc55fe9cca749cff42eb94a846823d27bce6,,
0xfe8c1ac365ba6780aec5a985d989b327c27670a1-0x413f,20,2,Assassin,Common,16703,0x309bcc55fe9cca749cff42eb94a846823d27bce6,,
0xfe8c1ac365ba6780aec5a985d989b327c27670a1-0x4147,10,2,Ranged,Uncommon,16711,0xdf5b0e3887ec6cb55c261d4bc051de8dbf7d8650,21001.0,
0xfe8c1ac365ba6780aec5a985d989b327c27670a1-0x4159,10,2,Assassin,Common,16729,0x8794941dd8fe7804ba8d2d1189a041af36f5a588,80501.7317108389,
0xfe8c1ac365ba6780aec5a985d989b327c27670a1-0x415c,10,2,Assassin,Common,16732,0x8794941dd8fe7804ba8d2d1189a041af36f5a588,80501.7317108389,
0xfe8c1ac365ba6780aec5a985d989b327c27670a1-0x4169,10,2,Ranged,Uncommon,16745,0x2aa4dbf8462b3eec6e8b8134b6ba8f8cd84fd1cb,120196.7779397332,
0xfe8c1ac365ba6780aec5a985d989b327c27670a1-0x416a,10,2,Spellcaster,Uncommon,16746,0x2aa4dbf8462b3eec6e8b8134b6ba8f8cd84fd1cb,120196.7779397332,
0xfe8c1ac365ba6780aec5a985d989b327c27670a1-0x4175,30,2,Spellcaster,Common,16757,0x68321c407aa92cf001c2e766cfba4259e9d9a1ad,75000.0,
0xfe8c1ac365ba6780aec5a985d989b327c27670a1-0x4186,10,2,Siege,Common,16774,0x4393b7b4f94d78323a2efab982449182b292074f,49999.99999999999,
0xfe8c1ac365ba6780aec5a985d989b327c27670a1-0x4190,10,2,Siege,Common,16784,0x11099ac9cc097d0c9759635b8e16c6a91ecc43da,,0.0
0xfe8c1ac365ba6780aec5a985d989b327c27670a1-0x41a5,20,2,Siege,Uncommon,16805,0xab231ec29c05eff58574f6acbb9440b7e0fa8626,192000.0,
0xfe8c1ac365ba6780aec5a985d989b327c27670a1-0x41b1,10,2,Ranged,Common,16817,0x996f047f5ca79c7a1cfb92a534add66520d9c2b1,,
0xfe8c1ac365ba6780aec5a985d989b327c27670a1-0x41e5,20,2,Fighter,Common,16869,0xf6174f219d468b420af8787a979b7b81bc69d136,10000.0,
0xfe8c1ac365ba6780aec5a985d989b327c27670a1-0x4232,30,2,Spellcaster,Common,16946,0x408b0903a56e6b7b19078f06a8f6caf88a8cc72b,,
0xfe8c1ac365ba6780aec5a985d989b327c27670a1-0x4233,30,2,Ranged,Common,16947,0x408b0903a56e6b7b19078f06a8f6caf88a8cc72b,,
0xfe8c1ac365ba6780aec5a985d989b327c27670a1-0x4234,30,2,Ranged,Common,16948,0x408b0903a56e6b7b19078f06a8f6caf88a8cc72b,,
0xfe8c1ac365ba6780aec5a985d989b327c27670a1-0x4235,20,2,Spellcaster,Common,16949,0x408b0903a56e6b7b19078f06a8f6caf88a8cc72b,,
0xfe8c1ac365ba6780aec5a985d989b327c27670a1-0x4236,30,2,Spellcaster,Uncommon,16950,0x408b0903a56e6b7b19078f06a8f6caf88a8cc72b,,
0xfe8c1ac365ba6780aec5a985d989b327c27670a1-0x424a,10,2,Ranged,Common,16970,0xea40a159a1430a9422f1a66f11ca9dfea76d80e1,1000.0,
0xfe8c1ac365ba6780aec5a985d989b327c27670a1-0x424e,20,2,Assassin,Common,16974,0xa1301bc880de06b84be4d9150105c6b8cc6202b2,23000.0,
0xfe8c1ac365ba6780aec5a985d989b327c27670a1-0x424f,10,2,Spellcaster,Common,16975,0xa1301bc880de06b84be4d9150105c6b8cc6202b2,23000.0,
0xfe8c1ac365ba6780aec5a985d989b327c27670a1-0x426a,30,2,Fighter,Common,17002,0xaf749ca22395604e4d064c35e2caa27ba96b1b55,8000.0,
0xfe8c1ac365ba6780aec5a985d989b327c27670a1-0x427e,20,2,Fighter,Common,17022,0x038a2c957a470373ea4ecf91493bcbf2b4a2ec93,,
0xfe8c1ac365ba6780aec5a985d989b327c27670a1-0x4281,20,2,Fighter,Common,17025,0x038a2c957a470373ea4ecf91493bcbf2b4a2ec93,,
0xfe8c1ac365ba6780aec5a985d989b327c27670a1-0x428a,20,2,Assassin,Common,17034,0x79116c7cee3295e2f0008d075637c6ac2bc06865,140000.0,
0xfe8c1ac365ba6780aec5a985d989b327c27670a1-0x4317,20,2,Siege,Common,17175,0xce13bda9dbb5d9edac09188b3455e7b6b54d5009,,
0xfe8c1ac365ba6780aec5a985d989b327c27670a1-0x4343,20,2,Siege,Common,17219,0x0dc7fc49f79b310b3ea8919ea15429d35c565d11,,
0xfe8c1ac365ba6780aec5a985d989b327c27670a1-0x434a,20,2,Assassin,Common,17226,0xce13bda9dbb5d9edac09188b3455e7b6b54d5009,,
0xfe8c1ac365ba6780aec5a985d989b327c27670a1-0x4376,30,2,Fighter,Common,17270,0x627d9676d261a2248567bf078e21720fcc3dc549,,
0xfe8c1ac365ba6780aec5a985d989b327c27670a1-0x4377,20,2,Assassin,Common,17271,0x627d9676d261a2248567bf078e21720fcc3dc549,,
0xfe8c1ac365ba6780aec5a985d989b327c27670a1-0x4378,30,2,Spellcaster,Common,17272,0x627d9676d261a2248567bf078e21720fcc3dc549,,
0xfe8c1ac365ba6780aec5a985d989b327c27670a1-0x4390,10,2,Ranged,Common,17296,0x1a49fce89d020dc189979c0d5a52b59a35742fcf,,
0xfe8c1ac365ba6780aec5a985d989b327c27670a1-0x43ed,30,2,Fighter,Common,17389,0x92e40c3ac7f668631b508cee97002b64415af8b2,,
0xfe8c1ac365ba6780aec5a985d989b327c27670a1-0x4430,10,2,Fighter,Common,17456,0x42741dd36db0aa4ec6fa2b90afe8250b1ec2e70a,,
0xfe8c1ac365ba6780aec5a985d989b327c27670a1-0x443a,30,2,Assassin,Rare,17466,0xaa0dee58a36b72c774317eb5f71afb2a04c85527,99999.99999999999,0.0
0xfe8c1ac365ba6780aec5a985d989b327c27670a1-0x448d,20,2,Spellcaster,Common,17549,0x449d9bab5855d53864969defeeaf0148f7c104f2,211626.78978672595,0.0
0xfe8c1ac365ba6780aec5a985d989b327c27670a1-0x4498,10,2,Fighter,Common,17560,0x397382acb7b201b83f8b4833a01094ef8f319c10,,
0xfe8c1ac365ba6780aec5a985d989b327c27670a1-0x44ab,10,2,Assassin,Rare,17579,0x759c5f293edc487aa02186f0099864ebc53191c1,0.1,
0xfe8c1ac365ba6780aec5a985d989b327c27670a1-0x4577,30,2,Ranged,Common,17783,0xd7ce367fa0e74f11ae934939712ff2e3d634b5e7,660523.0,
0xfe8c1ac365ba6780aec5a985d989b327c27670a1-0x45b9,10,2,Fighter,Common,17849,0xf6174f219d468b420af8787a979b7b81bc69d136,10000.0,
0xfe8c1ac365ba6780aec5a985d989b327c27670a1-0x4761,10,2,Spellcaster,Common,18273,0x92e40c3ac7f668631b508cee97002b64415af8b2,,
0xfe8c1ac365ba6780aec5a985d989b327c27670a1-0x479,10,2,Riverman,Special,1145,0xbd16ea350f19025ad2b92c3325a4d90e1205c7be,,
0xfe8c1ac365ba6780aec5a985d989b327c27670a1-0x48e,50,2,Numeraire,Special,1166,0xf92fdae0fe3c4e9f60ea44304937468b3890a283,2500.0,
0xfe8c1ac365ba6780aec5a985d989b327c27670a1-0x48f,30,2,Fighter,Common,1167,0x5cc15a41774830d9e6d6c7ddee6c6c957932caa1,70000.0,0.0
0xfe8c1ac365ba6780aec5a985d989b327c27670a1-0x4b0,30,2,Fighter,Common,1200,0x1ce33afd0e70ad410a74e855dd9871f2b31f3eee,,
0xfe8c1ac365ba6780aec5a985d989b327c27670a1-0x4bbb,10,2,Fighter,Common,19387,0x3a6bfe2b87b4b7d8ec76142d0ada23fce10b74b0,496110.97440623934,0.0
0xfe8c1ac365ba6780aec5a985d989b327c27670a1-0x516,40,2,Assassin,Uncommon,1302,0xe62f16865ad77071fa4581c1342272bc5715bf96,185000.0,
0xfe8c1ac365ba6780aec5a985d989b327c27670a1-0x55f,20,2,Spellcaster,Common,1375,0xf6573a3576cabdd2f6b8886864fcfb748fbd5b93,10898.730276079144,
0xfe8c1ac365ba6780aec5a985d989b327c27670a1-0x662,70,2,Ranged,Common,1634,0xac8d2856eafbfd8653e035068940cdff299e8796,,
0xfe8c1ac365ba6780aec5a985d989b327c27670a1-0x736,30,2,Fighter,Common,1846,0x63095ce68ae2f6dc0a3e068d97f2d392c51ebd06,,
0xfe8c1ac365ba6780aec5a985d989b327c27670a1-0x75b,60,2,Riverman,Special,1883,0xbaa32149f2e8e4813c604deacee48e381cecb937,,
0xfe8c1ac365ba6780aec5a985d989b327c27670a1-0x760,30,2,Assassin,Common,1888,0x21a6f46fe65952d1506b4f5782bff8671e664800,60000.0,
0xfe8c1ac365ba6780aec5a985d989b327c27670a1-0x76f,50,2,Assassin,Common,1903,0x722d80b8f0640f625dfd668b6dd8175b2f22e8ab,,
0xfe8c1ac365ba6780aec5a985d989b327c27670a1-0x77f,40,2,Fighter,Common,1919,0x747e83632fce402366eeb224d02a276ed2d0d47a,,
0xfe8c1ac365ba6780aec5a985d989b327c27670a1-0x840,10,2,Riverman,Special,2112,0x6b5c3d423e7ccd2a45bfd9996e1353e3d4313319,20000.0,
0xfe8c1ac365ba6780aec5a985d989b327c27670a1-0x84b,30,2,Spellcaster,Common,2123,0x8a3034dc09e4d452ed7299feb86a9dd66503a6d5,,
0xfe8c1ac365ba6780aec5a985d989b327c27670a1-0x84,40,2,Ranged,Common,132,0x97e009cb2553b9d753ee9e08acff8f32903edd28,,
0xfe8c1ac365ba6780aec5a985d989b327c27670a1-0x884,30,2,Spellcaster,Common,2180,0x9d9db07c7474889722ca5dd395bbe43d0a8db0b0,,
0xfe8c1ac365ba6780aec5a985d989b327c27670a1-0x889,20,2,Numeraire,Special,2185,0x67808baf60456f41ada9d9aa9840c88ff325d8ae,,
0xfe8c1ac365ba6780aec5a985d989b327c27670a1-0x88c,30,2,Siege,Uncommon,2188,0x67808baf60456f41ada9d9aa9840c88ff325d8ae,,
0xfe8c1ac365ba6780aec5a985d989b327c27670a1-0x8a4,20,2,Ranged,Common,2212,0x11956eb66dd29e6b32d285e4ba9aa1440559910c,,
0xfe8c1ac365ba6780aec5a985d989b327c27670a1-0x8aa,40,2,Spellcaster,Uncommon,2218,0x9d9db07c7474889722ca5dd395bbe43d0a8db0b0,,
0xfe8c1ac365ba6780aec5a985d989b327c27670a1-0x8a,10,2,Fighter,Common,138,0x410ef4df49583daeec7a3cb09f85c2a9ee658afd,,
0xfe8c1ac365ba6780aec5a985d989b327c27670a1-0x8be,20,2,Ranged,Common,2238,0x2a09e43f4d93a2611a6c7b87d907ac35e51d59c6,100.0,
0xfe8c1ac365ba6780aec5a985d989b327c27670a1-0x8fa,40,2,Siege,Uncommon,2298,0xef7b11bb7d88d3b42e866fd40d0a974c9ed78188,99999.99999999999,
0xfe8c1ac365ba6780aec5a985d989b327c27670a1-0x9a2,50,2,Siege,Common,2466,0x722d80b8f0640f625dfd668b6dd8175b2f22e8ab,,
0xfe8c1ac365ba6780aec5a985d989b327c27670a1-0x9aa,70,2,Assassin,Common,2474,0xbaa32149f2e8e4813c604deacee48e381cecb937,,
0xfe8c1ac365ba6780aec5a985d989b327c27670a1-0x9e0,40,2,Siege,Common,2528,0xb38bd68a6f0ba599808d65c7a9cf2a428105b680,,
0xfe8c1ac365ba6780aec5a985d989b327c27670a1-0xa32,50,2,Assassin,Common,2610,0x5cd334c41cd8da95be22d44de617fed9ce12363a,122000.0,
0xfe8c1ac365ba6780aec5a985d989b327c27670a1-0xa55,10,2,Spellcaster,Common,2645,0xbee157c1a64c115d8361aab2542f83d204260a97,,
0xfe8c1ac365ba6780aec5a985d989b327c27670a1-0xa8e,50,2,Assassin,Common,2702,0x1a49fce89d020dc189979c0d5a52b59a35742fcf,,
0xfe8c1ac365ba6780aec5a985d989b327c27670a1-0xaba,40,2,Siege,Common,2746,0x1a49fce89d020dc189979c0d5a52b59a35742fcf,,
0xfe8c1ac365ba6780aec5a985d989b327c27670a1-0xac1,20,2,Spellcaster,Common,2753,0x063c78e4a9b448b29de361370ec97b1faf144c58,,
0xfe8c1ac365ba6780aec5a985d989b327c27670a1-0xac2,10,2,Siege,Common,2754,0x0e40223c22c2e98b7315ee93bcc23f4746ec96b0,25085.586485574528,
0xfe8c1ac365ba6780aec5a985d989b327c27670a1-0xae8,40,2,Siege,Common,2792,0x08ef1a3a2428c7a0ca92fa248b012f07f676ba95,1000.0,
0xfe8c1ac365ba6780aec5a985d989b327c27670a1-0xaea,50,2,Siege,Common,2794,0x790f72745b86fdefeb1ae9d520f2285da3e40989,,
0xfe8c1ac365ba6780aec5a985d989b327c27670a1-0xb5,30,2,Ranged,Common,181,0x2b5321c1afddfb6680aafff4df96a209e18dea1c,60000.0,
0xfe8c1ac365ba6780aec5a985d989b327c27670a1-0xbcf,30,2,Assassin,Common,3023,0x1fb7d3c3af2b994731798f00d19c9df7540d3c3b,,
0xfe8c1ac365ba6780aec5a985d989b327c27670a1-0xcca,30,2,Fighter,Common,3274,0x5cc15a41774830d9e6d6c7ddee6c6c957932caa1,70000.0,0.0
0xfe8c1ac365ba6780aec5a985d989b327c27670a1-0xd23,10,2,Siege,Common,3363,0x019b1e3e2bddd9aa7f68c9601ced6e470d7a3be5,,
0xfe8c1ac365ba6780aec5a985d989b327c27670a1-0xe60,10,2,Numeraire,Special,3680,0x473bbc06d7fdb7713d1ed334f8d8096cad6ec3f3,,
0xfe8c1ac365ba6780aec5a985d989b327c27670a1-0xe65,30,2,Siege,Common,3685,0x82cb2e8852de03a89298473f0d662fba8db0971f,,
0xfe8c1ac365ba6780aec5a985d989b327c27670a1-0xeb7,10,2,Siege,Common,3767,0x0259d65954dfbd0735e094c9cdacc256e5a29dd4,,
0xfe8c1ac365ba6780aec5a985d989b327c27670a1-0xee7,50,2,Spellcaster,Common,3815,0xf319f5eecfb027e46bcc3afa1b12e763653a004e,,
0xfe8c1ac365ba6780aec5a985d989b327c27670a1-0xf28,20,2,Fighter,Common,3880,0x5438f01ebba17c7ee279af990d0a8a02267833e4,5000.0,
0xfe8c1ac365ba6780aec5a985d989b327c27670a1-0xf7e,30,2,Assassin,Common,3966,0xed6f7f3944cde2812405dfc7aef96a3f989b8a1c,,
0xfe8c1ac365ba6780aec5a985d989b327c27670a1-0xf7f,20,2,Spellcaster,Common,3967,0xed6f7f3944cde2812405dfc7aef96a3f989b8a1c,,
0xfe8c1ac365ba6780aec5a985d989b327c27670a1-0xf9c,20,2,Siege,Uncommon,3996,0x4a8b9e2c2940fdd39aceb384654dc59acb58c337,,
0xfe8c1ac365ba6780aec5a985d989b327c27670a1-0xfc,60,2,Siege,Common,252,0xf3d0cb1b3db63a5f98a0ecb05d0d9f263058b7cb,250.0,
0xfe8c1ac365ba6780aec5a985d989b327c27670a1-0xfdf,20,2,Assassin,Uncommon,4063,0x6301add4fb128de9778b8651a2a9278b86761423,,
